TEST,gs://sample-02-project-257005-vcm/img/sample_DT_short_001/103/279324025_3e74a32a84_o.jpg,Baked Goods,0.005743,0.084985,,,0.567511,0.735736,,
TEST,gs://sample-02-project-257005-vcm/img/sample_DT_short_001/103/279324025_3e74a32a84_o.jpg,Salad,0.402759,0.310473,,,1.000000,0.982695,,
TEST,gs://sample-02-project-257005-vcm/img/sample_DT_short_001/1064/3167707458_7b2eebed9e_o.jpg,Cheese,0.000000,0.000000,,,0.054865,0.480665,,
TEST,gs://sample-02-project-257005-vcm/img/sample_DT_short_001/1064/3167707458_7b2eebed9e_o.jpg,Cheese,0.041131,0.401678,,,0.318230,0.785916,,
TEST,gs://sample-02-project-257005-vcm/img/sample_DT_short_001/1064/3167707458_7b2eebed9e_o.jpg,Cheese,0.116263,0.065161,,,0.451528,0.286489,,
TEST,gs://sample-02-project-257005-vcm/img/sample_DT_short_001/1064/3167707458_7b2eebed9e_o.jpg,Cheese,0.557359,0.411551,,,0.988760,0.731613,,
TEST,gs://sample-02-project-257005-vcm/img/sample_DT_short_001/1064/3167707458_7b2eebed9e_o.jpg,Cheese,0.562206,0.059401,,,0.876467,0.260982,,
TEST,gs://sample-02-project-257005-vcm/img/sample_DT_short_001/1064/3167707458_7b2eebed9e_o.jpg,Cheese,0.567861,0.000161,,,0.699543,0.077502,,
TEST,gs://sample-02-project-257005-vcm/img/sample_DT_short_001/1064/3167707458_7b2eebed9e_o.jpg,Cheese,0.916052,0.085569,,,1.000000,0.348036,,
TEST,gs://sample-02-project-257005-vcm/img/sample_DT_short_001/1064/3167707458_7b2eebed9e_o.jpg,Salad,0.000000,0.000000,,,1.000000,1.000000,,
TEST,gs://sample-02-project-257005-vcm/img/sample_DT_short_001/1107/539511817_65c4db2bcc_o.jpg,Seafood,0.000000,0.177969,,,0.292460,0.657779,,
TEST,gs://sample-02-project-257005-vcm/img/sample_DT_short_001/1107/539511817_65c4db2bcc_o.jpg,Seafood,0.002390,0.004008,,,0.989114,1.000000,,
TEST,gs://sample-02-project-257005-vcm/img/sample_DT_short_001/1107/539511817_65c4db2bcc_o.jpg,Seafood,0.082493,0.542846,,,0.338580,0.881868,,
TEST,gs://sample-02-project-257005-vcm/img/sample_DT_short_001/1107/539511817_65c4db2bcc_o.jpg,Seafood,0.087955,0.737882,,,0.853789,1.000000,,
TEST,gs://sample-02-project-257005-vcm/img/sample_DT_short_001/1107/539511817_65c4db2bcc_o.jpg,Seafood,0.098271,0.055792,,,0.234810,0.180397,,
TEST,gs://sample-02-project-257005-vcm/img/sample_DT_short_001/1107/539511817_65c4db2bcc_o.jpg,Seafood,0.219639,0.029091,,,0.319768,0.190106,,
TEST,gs://sample-02-project-257005-vcm/img/sample_DT_short_001/1107/539511817_65c4db2bcc_o.jpg,Seafood,0.293067,0.077638,,,0.479367,0.294483,,
TEST,gs://sample-02-project-257005-vcm/img/sample_DT_short_001/1107/539511817_65c4db2bcc_o.jpg,Seafood,0.294888,0.510519,,,0.541872,0.618941,,
TEST,gs://sample-02-project-257005-vcm/img/sample_DT_short_001/1107/539511817_65c4db2bcc_o.jpg,Seafood,0.339187,0.608422,,,0.553402,0.796139,,
TEST,gs://sample-02-project-257005-vcm/img/sample_DT_short_001/1107/539511817_65c4db2bcc_o.jpg,Seafood,0.515778,0.432034,,,0.632898,0.576867,,
TEST,gs://sample-02-project-257005-vcm/img/sample_DT_short_001/1107/539511817_65c4db2bcc_o.jpg,Seafood,0.540658,0.007245,,,0.669916,0.147223,,
TEST,gs://sample-02-project-257005-vcm/img/sample_DT_short_001/1107/539511817_65c4db2bcc_o.jpg,Seafood,0.629257,0.482199,,,0.825267,0.762156,,
TEST,gs://sample-02-project-257005-vcm/img/sample_DT_short_001/1107/539511817_65c4db2bcc_o.jpg,Seafood,0.657172,0.028282,,,0.970909,0.525892,,
TEST,gs://sample-02-project-257005-vcm/img/sample_DT_short_001/1107/539511817_65c4db2bcc_o.jpg,Seafood,0.810096,0.518610,,,0.951490,0.716036,,
TEST,gs://sample-02-project-257005-vcm/img/sample_DT_short_001/1107/539511817_65c4db2bcc_o.jpg,Seafood,0.819806,0.701471,,,0.946635,0.860868,,
TEST,gs://sample-02-project-257005-vcm/img/sample_DT_short_001/111/285146375_22d7938842_o.jpg,Salad,0.000000,0.000000,,,1.000000,0.925901,,
TEST,gs://sample-02-project-257005-vcm/img/sample_DT_short_001/111/285146375_22d7938842_o.jpg,Tomato,0.008528,0.242295,,,0.455661,0.737722,,
TEST,gs://sample-02-project-257005-vcm/img/sample_DT_short_001/111/285146375_22d7938842_o.jpg,Tomato,0.536220,0.651126,,,0.687346,0.845134,,
TEST,gs://sample-02-project-257005-vcm/img/sample_DT_short_001/111/285146375_22d7938842_o.jpg,Tomato,0.712326,0.089087,,,0.997093,0.378849,,
TEST,gs://sample-02-project-257005-vcm/img/sample_DT_short_001/111/285146375_22d7938842_o.jpg,Tomato,0.779771,0.420482,,,0.982105,0.768530,,
TEST,gs://sample-02-project-257005-vcm/img/sample_DT_short_001/1206/889918025_a6d615bf1b_o.jpg,Cheese,0.320334,0.501238,,,0.726751,0.741431,,
TEST,gs://sample-02-project-257005-vcm/img/sample_DT_short_001/1206/889918025_a6d615bf1b_o.jpg,Cheese,0.347594,0.178505,,,0.648689,0.324602,,
TEST,gs://sample-02-project-257005-vcm/img/sample_DT_short_001/1206/889918025_a6d615bf1b_o.jpg,Cheese,0.358745,0.290760,,,0.740381,0.497936,,
TEST,gs://sample-02-project-257005-vcm/img/sample_DT_short_001/1206/889918025_a6d615bf1b_o.jpg,Cheese,0.418221,0.038186,,,0.674710,0.176854,,
TEST,gs://sample-02-project-257005-vcm/img/sample_DT_short_001/1206/889918025_a6d615bf1b_o.jpg,Salad,0.000000,0.037361,,,1.000000,0.926321,,
TEST,gs://sample-02-project-257005-vcm/img/sample_DT_short_001/1206/889918025_a6d615bf1b_o.jpg,Tomato,0.000000,0.072028,,,1.000000,0.925496,,
TEST,gs://sample-02-project-257005-vcm/img/sample_DT_short_001/1/26/35313188_480f8594d2_o.jpg,Salad,0.000000,0.000000,,,1.000000,1.000000,,
TEST,gs://sample-02-project-257005-vcm/img/sample_DT_short_001/1/26/35313188_480f8594d2_o.jpg,Tomato,0.186464,0.098900,,,0.766324,0.835729,,
TEST,gs://sample-02-project-257005-vcm/img/sample_DT_short_001/12/70009818_040cdfd1f4_o.jpg,Salad,0.000000,0.000000,,,1.000000,1.000000,,
TEST,gs://sample-02-project-257005-vcm/img/sample_DT_short_001/12/70009818_040cdfd1f4_o.jpg,Salad,0.609850,0.064485,,,0.998459,0.460942,,
TEST,gs://sample-02-project-257005-vcm/img/sample_DT_short_001/12/70009818_040cdfd1f4_o.jpg,Seafood,0.000000,0.207277,,,0.461612,1.000000,,
TEST,gs://sample-02-project-257005-vcm/img/sample_DT_short_001/12/70009818_040cdfd1f4_o.jpg,Seafood,0.078318,0.000000,,,0.486416,0.374427,,
TEST,gs://sample-02-project-257005-vcm/img/sample_DT_short_001/12/70009818_040cdfd1f4_o.jpg,Seafood,0.302152,0.000000,,,0.685446,0.628093,,
TEST,gs://sample-02-project-257005-vcm/img/sample_DT_short_001/12/70009818_040cdfd1f4_o.jpg,Seafood,0.532483,0.639852,,,0.968339,1.000000,,
TEST,gs://sample-02-project-257005-vcm/img/sample_DT_short_001/1302/4677521502_6f2767039c_o.jpg,Salad,0.131589,0.169249,,,0.754885,0.888059,,
TEST,gs://sample-02-project-257005-vcm/img/sample_DT_short_001/1302/4677521502_6f2767039c_o.jpg,Tomato,0.147417,0.350998,,,0.314976,0.581869,,
TEST,gs://sample-02-project-257005-vcm/img/sample_DT_short_001/1302/4677521502_6f2767039c_o.jpg,Tomato,0.220008,0.617073,,,0.349361,0.825839,,
TEST,gs://sample-02-project-257005-vcm/img/sample_DT_short_001/1302/4677521502_6f2767039c_o.jpg,Tomato,0.229832,0.233107,,,0.445421,0.374740,,
TEST,gs://sample-02-project-257005-vcm/img/sample_DT_short_001/1302/4677521502_6f2767039c_o.jpg,Tomato,0.278408,0.605611,,,0.526744,0.869229,,
TEST,gs://sample-02-project-257005-vcm/img/sample_DT_short_001/1302/4677521502_6f2767039c_o.jpg,Tomato,0.454699,0.168431,,,0.580777,0.414038,,
TEST,gs://sample-02-project-257005-vcm/img/sample_DT_short_001/1302/4677521502_6f2767039c_o.jpg,Tomato,0.469436,0.658826,,,0.565495,0.848762,,
TEST,gs://sample-02-project-257005-vcm/img/sample_DT_short_001/1302/4677521502_6f2767039c_o.jpg,Tomato,0.509278,0.275679,,,0.691574,0.505731,,
TEST,gs://sample-02-project-257005-vcm/img/sample_DT_short_001/1302/4677521502_6f2767039c_o.jpg,Tomato,0.589510,0.374740,,,0.720501,0.651458,,
TEST,gs://sample-02-project-257005-vcm/img/sample_DT_short_001/1324/1040570600_2e76045756_o.jpg,Salad,0.000000,0.103742,,,1.000000,0.855906,,
TEST,gs://sample-02-project-257005-vcm/img/sample_DT_short_001/1324/1040570600_2e76045756_o.jpg,Tomato,0.000000,0.444314,,,0.188885,0.646075,,
TEST,gs://sample-02-project-257005-vcm/img/sample_DT_short_001/1324/1040570600_2e76045756_o.jpg,Tomato,0.313573,0.453999,,,0.429182,0.552458,,
TEST,gs://sample-02-project-257005-vcm/img/sample_DT_short_001/1324/1040570600_2e76045756_o.jpg,Tomato,0.558107,0.763903,,,0.740297,0.840572,,
TEST,gs://sample-02-project-257005-vcm/img/sample_DT_short_001/1324/1040570600_2e76045756_o.jpg,Tomato,0.568397,0.621056,,,0.685216,0.759868,,
TEST,gs://sample-02-project-257005-vcm/img/sample_DT_short_001/1324/1040570600_2e76045756_o.jpg,Tomato,0.726981,0.240939,,,0.858932,0.338592,,
TEST,gs://sample-02-project-257005-vcm/img/sample_DT_short_001/1386/1283883526_c1e6ead71c_o.jpg,Tomato,0.000000,0.081731,,,1.000000,1.000000,,
TEST,gs://sample-02-project-257005-vcm/img/sample_DT_short_001/1386/1283883526_c1e6ead71c_o.jpg,Tomato,0.000914,0.215807,,,0.416716,0.720034,,
TEST,gs://sample-02-project-257005-vcm/img/sample_DT_short_001/1386/1283883526_c1e6ead71c_o.jpg,Tomato,0.380935,0.438720,,,0.698030,0.872206,,
TEST,gs://sample-02-project-257005-vcm/img/sample_DT_short_001/1394/1355375795_da5fe2b7ba_o.jpg,Salad,0.000000,0.243569,,,0.274645,0.512760,,
TEST,gs://sample-02-project-257005-vcm/img/sample_DT_short_001/1394/1355375795_da5fe2b7ba_o.jpg,Salad,0.073425,0.439647,,,0.351237,0.850300,,
TEST,gs://sample-02-project-257005-vcm/img/sample_DT_short_001/1394/1355375795_da5fe2b7ba_o.jpg,Salad,0.295020,0.217226,,,0.605577,0.463367,,
TEST,gs://sample-02-project-257005-vcm/img/sample_DT_short_001/1394/1355375795_da5fe2b7ba_o.jpg,Salad,0.426027,0.450152,,,0.879123,0.888299,,
TEST,gs://sample-02-project-257005-vcm/img/sample_DT_short_001/1394/1355375795_da5fe2b7ba_o.jpg,Salad,0.498066,0.000000,,,0.633797,0.059424,,
TEST,gs://sample-02-project-257005-vcm/img/sample_DT_short_001/1394/1355375795_da5fe2b7ba_o.jpg,Salad,0.569150,0.134905,,,0.820436,0.309426,,
TEST,gs://sample-02-project-257005-vcm/img/sample_DT_short_001/1394/1355375795_da5fe2b7ba_o.jpg,Seafood,0.485833,0.489864,,,0.772311,0.790337,,
TEST,gs://sample-02-project-257005-vcm/img/sample_DT_short_001/1/48/173689495_a345eaec99_o.jpg,Salad,0.000000,0.000067,,,1.000000,1.000000,,
TEST,gs://sample-02-project-257005-vcm/img/sample_DT_short_001/1/48/173689495_a345eaec99_o.jpg,Tomato,0.051023,0.454260,,,0.161763,0.599505,,
TEST,gs://sample-02-project-257005-vcm/img/sample_DT_short_001/1/48/173689495_a345eaec99_o.jpg,Tomato,0.087134,0.267286,,,0.176207,0.382038,,
TEST,gs://sample-02-project-257005-vcm/img/sample_DT_short_001/1/48/173689495_a345eaec99_o.jpg,Tomato,0.128059,0.365989,,,0.224956,0.491975,,
TEST,gs://sample-02-project-257005-vcm/img/sample_DT_short_001/1/48/173689495_a345eaec99_o.jpg,Tomato,0.155744,0.479938,,,0.248428,0.613147,,
TEST,gs://sample-02-project-257005-vcm/img/sample_DT_short_001/1/48/173689495_a345eaec99_o.jpg,Tomato,0.300789,0.625184,,,0.406112,0.761602,,
TEST,gs://sample-02-project-257005-vcm/img/sample_DT_short_001/1/48/173689495_a345eaec99_o.jpg,Tomato,0.409121,0.000067,,,0.494583,0.044202,,
TEST,gs://sample-02-project-257005-vcm/img/sample_DT_short_001/1/48/173689495_a345eaec99_o.jpg,Tomato,0.410325,0.638023,,,0.509630,0.774442,,
TEST,gs://sample-02-project-257005-vcm/img/sample_DT_short_001/1/48/173689495_a345eaec99_o.jpg,Tomato,0.487963,0.000000,,,0.595092,0.098769,,
TEST,gs://sample-02-project-257005-vcm/img/sample_DT_short_001/1/48/173689495_a345eaec99_o.jpg,Tomato,0.509028,0.698208,,,0.610138,0.812157,,
TEST,gs://sample-02-project-257005-vcm/img/sample_DT_short_001/1/48/173689495_a345eaec99_o.jpg,Tomato,0.516852,0.796108,,,0.635415,0.944564,,
TEST,gs://sample-02-project-257005-vcm/img/sample_DT_short_001/1/48/173689495_a345eaec99_o.jpg,Tomato,0.531898,0.061054,,,0.625786,0.178213,,
TEST,gs://sample-02-project-257005-vcm/img/sample_DT_short_001/1/48/173689495_a345eaec99_o.jpg,Tomato,0.670924,0.387655,,,0.770831,0.516049,,
TEST,gs://sample-02-project-257005-vcm/img/sample_DT_short_001/1/48/173689495_a345eaec99_o.jpg,Tomato,0.693794,0.260064,,,0.771433,0.382841,,
TEST,gs://sample-02-project-257005-vcm/img/sample_DT_short_001/1/48/173689495_a345eaec99_o.jpg,Tomato,0.744349,0.332286,,,0.852682,0.455062,,
TEST,gs://sample-02-project-257005-vcm/img/sample_DT_short_001/1/48/173689495_a345eaec99_o.jpg,Tomato,0.752775,0.448642,,,0.853284,0.585061,,
TEST,gs://sample-02-project-257005-vcm/img/sample_DT_short_001/1/58/193218956_2da26a8254_o.jpg,Cheese,0.182727,0.523513,,,0.341639,0.670363,,
TEST,gs://sample-02-project-257005-vcm/img/sample_DT_short_001/1/58/193218956_2da26a8254_o.jpg,Cheese,0.234415,0.923638,,,0.335040,1.000000,,
TEST,gs://sample-02-project-257005-vcm/img/sample_DT_short_001/1/58/193218956_2da26a8254_o.jpg,Cheese,0.336690,0.179487,,,0.396075,0.276837,,
TEST,gs://sample-02-project-257005-vcm/img/sample_DT_short_001/1/58/193218956_2da26a8254_o.jpg,Cheese,0.363083,0.610138,,,0.553337,0.798238,,
TEST,gs://sample-02-project-257005-vcm/img/sample_DT_short_001/1/58/193218956_2da26a8254_o.jpg,Cheese,0.608324,0.822988,,,0.710049,0.917863,,
TEST,gs://sample-02-project-257005-vcm/img/sample_DT_short_001/1/58/193218956_2da26a8254_o.jpg,Cheese,0.617122,0.511963,,,0.694103,0.621688,,
TEST,gs://sample-02-project-257005-vcm/img/sample_DT_short_001/1/58/193218956_2da26a8254_o.jpg,Cheese,0.638016,0.265287,,,0.769984,0.409662,,
TEST,gs://sample-02-project-257005-vcm/img/sample_DT_short_001/1/58/193218956_2da26a8254_o.jpg,Cheese,0.687504,0.419562,,,0.851914,0.536713,,
TEST,gs://sample-02-project-257005-vcm/img/sample_DT_short_001/1/58/193218956_2da26a8254_o.jpg,Cheese,0.860712,0.719038,,,0.938793,0.844438,,
TEST,gs://sample-02-project-257005-vcm/img/sample_DT_short_001/1/58/193218956_2da26a8254_o.jpg,Cheese,0.927246,0.884863,,,0.994330,0.976438,,
TEST,gs://sample-02-project-257005-vcm/img/sample_DT_short_001/1/58/193218956_2da26a8254_o.jpg,Salad,0.000721,0.002937,,,1.000000,1.000000,,
TEST,gs://sample-02-project-257005-vcm/img/sample_DT_short_001/1/58/193218956_2da26a8254_o.jpg,Tomato,0.016668,0.569713,,,0.206371,0.802363,,
TEST,gs://sample-02-project-257005-vcm/img/sample_DT_short_001/1/58/193218956_2da26a8254_o.jpg,Tomato,0.091449,0.450912,,,0.210220,0.593638,,
TEST,gs://sample-02-project-257005-vcm/img/sample_DT_short_001/1/58/193218956_2da26a8254_o.jpg,Tomato,0.260258,0.361812,,,0.435666,0.606838,,
TEST,gs://sample-02-project-257005-vcm/img/sample_DT_short_001/1/58/193218956_2da26a8254_o.jpg,Tomato,0.482954,0.446787,,,0.636917,0.696763,,
TEST,gs://sample-02-project-257005-vcm/img/sample_DT_short_001/1/58/193218956_2da26a8254_o.jpg,Tomato,0.520345,0.186087,,,0.667709,0.320562,,
TEST,gs://sample-02-project-257005-vcm/img/sample_DT_short_001/1/58/193218956_2da26a8254_o.jpg,Tomato,0.548388,0.378312,,,0.645715,0.501238,,
TEST,gs://sample-02-project-257005-vcm/img/sample_DT_short_001/1/58/193218956_2da26a8254_o.jpg,Tomato,0.629219,0.565588,,,0.790329,0.914563,,
TEST,gs://sample-02-project-257005-vcm/img/sample_DT_short_001/1/58/193218956_2da26a8254_o.jpg,Tomato,0.684205,0.372537,,,0.802426,0.470712,,
TEST,gs://sample-02-project-257005-vcm/img/sample_DT_short_001/1/594/20621760882_0ccbfa0bd8_o.jpg,Cheese,0.315857,0.314235,,,0.606267,0.512979,,
TEST,gs://sample-02-project-257005-vcm/img/sample_DT_short_001/1/594/20621760882_0ccbfa0bd8_o.jpg,Cheese,0.393733,0.485398,,,0.664674,0.881265,,
TEST,gs://sample-02-project-257005-vcm/img/sample_DT_short_001/1/594/20621760882_0ccbfa0bd8_o.jpg,Cheese,0.839082,0.630604,,,1.000000,0.796089,,
TEST,gs://sample-02-project-257005-vcm/img/sample_DT_short_001/1/594/20621760882_0ccbfa0bd8_o.jpg,Cheese,0.844761,0.285843,,,1.000000,0.405901,,
TEST,gs://sample-02-project-257005-vcm/img/sample_DT_short_001/1/594/20621760882_0ccbfa0bd8_o.jpg,Salad,0.129281,0.024124,,,0.999189,1.000000,,
TEST,gs://sample-02-project-257005-vcm/img/sample_DT_short_001/1/594/20621760882_0ccbfa0bd8_o.jpg,Tomato,0.137393,0.283409,,,0.547861,0.590855,,
TEST,gs://sample-02-project-257005-vcm/img/sample_DT_short_001/1/594/20621760882_0ccbfa0bd8_o.jpg,Tomato,0.271241,0.526258,,,0.882076,0.991077,,
TEST,gs://sample-02-project-257005-vcm/img/sample_DT_short_001/1/594/20621760882_0ccbfa0bd8_o.jpg,Tomato,0.295577,0.074930,,,0.700367,0.357228,,
TEST,gs://sample-02-project-257005-vcm/img/sample_DT_short_001/1/594/20621760882_0ccbfa0bd8_o.jpg,Tomato,0.677653,0.022202,,,0.989966,0.235548,,
TEST,gs://sample-02-project-257005-vcm/img/sample_DT_short_001/176/443296037_9c2c4b230b_o.jpg,Baked Goods,0.612655,0.840929,,,0.969385,1.000000,,
TEST,gs://sample-02-project-257005-vcm/img/sample_DT_short_001/176/443296037_9c2c4b230b_o.jpg,Salad,0.077251,0.735414,,,0.344953,0.996728,,
TEST,gs://sample-02-project-257005-vcm/img/sample_DT_short_001/176/443296037_9c2c4b230b_o.jpg,Salad,0.492714,0.652156,,,0.633057,0.885443,,
TEST,gs://sample-02-project-257005-vcm/img/sample_DT_short_001/176/443296037_9c2c4b230b_o.jpg,Salad,0.715284,0.762617,,,0.857482,0.874726,,
TEST,gs://sample-02-project-257005-vcm/img/sample_DT_short_001/176/443296037_9c2c4b230b_o.jpg,Seafood,0.097711,0.743298,,,0.346587,0.866218,,
TEST,gs://sample-02-project-257005-vcm/img/sample_DT_short_001/176/443296037_9c2c4b230b_o.jpg,Seafood,0.812474,0.676906,,,0.994666,0.779420,,
TEST,gs://sample-02-project-257005-vcm/img/sample_DT_short_001/19/91745686_a2d823a8d8_o.jpg,Salad,0.471679,0.186415,,,0.748248,0.404561,,
TEST,gs://sample-02-project-257005-vcm/img/sample_DT_short_001/2/1008/589655271_8dc6a73bcf_o.jpg,Baked Goods,0.190088,0.016039,,,0.431868,0.110902,,
TEST,gs://sample-02-project-257005-vcm/img/sample_DT_short_001/2/1008/589655271_8dc6a73bcf_o.jpg,Cheese,0.527132,0.639882,,,0.618177,0.827196,,
TEST,gs://sample-02-project-257005-vcm/img/sample_DT_short_001/2/1008/589655271_8dc6a73bcf_o.jpg,Cheese,0.663288,0.198816,,,0.715881,0.270363,,
TEST,gs://sample-02-project-257005-vcm/img/sample_DT_short_001/2/1008/589655271_8dc6a73bcf_o.jpg,Salad,0.056838,0.061862,,,1.000000,1.000000,,
TEST,gs://sample-02-project-257005-vcm/img/sample_DT_short_001/2/1008/589655271_8dc6a73bcf_o.jpg,Tomato,0.069500,0.561098,,,0.266662,0.737961,,
TEST,gs://sample-02-project-257005-vcm/img/sample_DT_short_001/2/1008/589655271_8dc6a73bcf_o.jpg,Tomato,0.237117,0.140647,,,0.325147,0.304647,,
TEST,gs://sample-02-project-257005-vcm/img/sample_DT_short_001/2/1008/589655271_8dc6a73bcf_o.jpg,Tomato,0.676059,0.110098,,,0.795441,0.234706,,
TEST,gs://sample-02-project-257005-vcm/img/sample_DT_short_001/2/1008/589655271_8dc6a73bcf_o.jpg,Tomato,0.856338,0.519294,,,1.000000,0.778961,,
TEST,gs://sample-02-project-257005-vcm/img/sample_DT_short_001/2/1037/771072550_a02ff778e5_o.jpg,Baked Goods,0.000000,0.031313,,,0.882265,1.000000,,
TEST,gs://sample-02-project-257005-vcm/img/sample_DT_short_001/2/1037/771072550_a02ff778e5_o.jpg,Salad,0.000000,0.106882,,,0.859956,0.993608,,
TEST,gs://sample-02-project-257005-vcm/img/sample_DT_short_001/2/1037/771072550_a02ff778e5_o.jpg,Tomato,0.012220,0.210588,,,0.664603,0.849706,,
TEST,gs://sample-02-project-257005-vcm/img/sample_DT_short_001/2/1042/570096694_eab2f821cd_o.jpg,Cheese,0.103809,0.571925,,,0.249436,0.714965,,
TEST,gs://sample-02-project-257005-vcm/img/sample_DT_short_001/2/1042/570096694_eab2f821cd_o.jpg,Cheese,0.229626,0.790931,,,0.478049,1.000000,,
TEST,gs://sample-02-project-257005-vcm/img/sample_DT_short_001/2/1042/570096694_eab2f821cd_o.jpg,Cheese,0.461987,0.891948,,,0.647233,0.996199,,
TEST,gs://sample-02-project-257005-vcm/img/sample_DT_short_001/2/1042/570096694_eab2f821cd_o.jpg,Cheese,0.776263,0.873361,,,1.000000,1.000000,,
TEST,gs://sample-02-project-257005-vcm/img/sample_DT_short_001/2/1042/570096694_eab2f821cd_o.jpg,Salad,0.000478,0.000000,,,1.000000,1.000000,,
TEST,gs://sample-02-project-257005-vcm/img/sample_DT_short_001/2/1042/570096694_eab2f821cd_o.jpg,Tomato,0.000000,0.615564,,,0.094707,0.727088,,
TEST,gs://sample-02-project-257005-vcm/img/sample_DT_short_001/2/1042/570096694_eab2f821cd_o.jpg,Tomato,0.000000,0.687489,,,0.180906,1.000000,,
TEST,gs://sample-02-project-257005-vcm/img/sample_DT_short_001/2/1042/570096694_eab2f821cd_o.jpg,Tomato,0.007973,0.470907,,,0.214100,0.655971,,
TEST,gs://sample-02-project-257005-vcm/img/sample_DT_short_001/2/1042/570096694_eab2f821cd_o.jpg,Tomato,0.103274,0.010267,,,0.338847,0.165430,,
TEST,gs://sample-02-project-257005-vcm/img/sample_DT_short_001/2/1042/570096694_eab2f821cd_o.jpg,Tomato,0.169662,0.566268,,,0.428793,0.895181,,
TEST,gs://sample-02-project-257005-vcm/img/sample_DT_short_001/2/1042/570096694_eab2f821cd_o.jpg,Tomato,0.185724,0.448279,,,0.370970,0.598593,,
TEST,gs://sample-02-project-257005-vcm/img/sample_DT_short_001/2/1042/570096694_eab2f821cd_o.jpg,Tomato,0.318502,0.254325,,,0.493575,0.469291,,
TEST,gs://sample-02-project-257005-vcm/img/sample_DT_short_001/2/1042/570096694_eab2f821cd_o.jpg,Tomato,0.353302,0.002993,,,0.447531,0.150075,,
TEST,gs://sample-02-project-257005-vcm/img/sample_DT_short_001/2/1042/570096694_eab2f821cd_o.jpg,Tomato,0.368829,0.415953,,,0.610826,0.707692,,
TEST,gs://sample-02-project-257005-vcm/img/sample_DT_short_001/2/1042/570096694_eab2f821cd_o.jpg,Tomato,0.373112,0.714965,,,0.787506,0.992966,,
TEST,gs://sample-02-project-257005-vcm/img/sample_DT_short_001/2/1042/570096694_eab2f821cd_o.jpg,Tomato,0.452885,0.064412,,,0.615110,0.222808,,
TEST,gs://sample-02-project-257005-vcm/img/sample_DT_short_001/2/1042/570096694_eab2f821cd_o.jpg,Tomato,0.483938,0.247860,,,0.670255,0.347261,,
TEST,gs://sample-02-project-257005-vcm/img/sample_DT_short_001/2/1042/570096694_eab2f821cd_o.jpg,Tomato,0.509637,0.440198,,,0.831944,0.794163,,
TEST,gs://sample-02-project-257005-vcm/img/sample_DT_short_001/2/1042/570096694_eab2f821cd_o.jpg,Tomato,0.617787,0.115325,,,0.780546,0.241395,,
TEST,gs://sample-02-project-257005-vcm/img/sample_DT_short_001/2/1042/570096694_eab2f821cd_o.jpg,Tomato,0.671861,0.254325,,,0.832479,0.459593,,
TEST,gs://sample-02-project-257005-vcm/img/sample_DT_short_001/2/1042/570096694_eab2f821cd_o.jpg,Tomato,0.789648,0.678599,,,1.000000,0.922658,,
TEST,gs://sample-02-project-257005-vcm/img/sample_DT_short_001/2/1099/1418233430_85b38d739f_o.jpg,Cheese,0.125454,0.340657,,,0.203896,0.495171,,
TEST,gs://sample-02-project-257005-vcm/img/sample_DT_short_001/2/1099/1418233430_85b38d739f_o.jpg,Cheese,0.158181,0.409062,,,0.291688,0.536214,,
TEST,gs://sample-02-project-257005-vcm/img/sample_DT_short_001/2/1099/1418233430_85b38d739f_o.jpg,Cheese,0.200259,0.554724,,,0.255844,0.636005,,
TEST,gs://sample-02-project-257005-vcm/img/sample_DT_short_001/2/1099/1418233430_85b38d739f_o.jpg,Cheese,0.252727,0.244890,,,0.399740,0.367214,,
TEST,gs://sample-02-project-257005-vcm/img/sample_DT_short_001/2/1099/1418233430_85b38d739f_o.jpg,Cheese,0.279740,0.593353,,,0.323376,0.719701,,
TEST,gs://sample-02-project-257005-vcm/img/sample_DT_short_001/2/1099/1418233430_85b38d739f_o.jpg,Cheese,0.319220,0.342266,,,0.479740,0.496781,,
TEST,gs://sample-02-project-257005-vcm/img/sample_DT_short_001/2/1099/1418233430_85b38d739f_o.jpg,Cheese,0.353506,0.694753,,,0.402338,0.790520,,
TEST,gs://sample-02-project-257005-vcm/img/sample_DT_short_001/2/1099/1418233430_85b38d739f_o.jpg,Cheese,0.399221,0.656124,,,0.547273,0.891920,,
TEST,gs://sample-02-project-257005-vcm/img/sample_DT_short_001/2/1099/1418233430_85b38d739f_o.jpg,Cheese,0.423636,0.121761,,,0.544675,0.314904,,
TEST,gs://sample-02-project-257005-vcm/img/sample_DT_short_001/2/1099/1418233430_85b38d739f_o.jpg,Cheese,0.428312,0.458957,,,0.538442,0.583695,,
TEST,gs://sample-02-project-257005-vcm/img/sample_DT_short_001/2/1099/1418233430_85b38d739f_o.jpg,Cheese,0.518701,0.523338,,,0.626753,0.615081,,
TEST,gs://sample-02-project-257005-vcm/img/sample_DT_short_001/2/1099/1418233430_85b38d739f_o.jpg,Cheese,0.568052,0.207871,,,0.701559,0.368823,,
TEST,gs://sample-02-project-257005-vcm/img/sample_DT_short_001/2/1099/1418233430_85b38d739f_o.jpg,Cheese,0.568572,0.572429,,,0.760780,0.797763,,
TEST,gs://sample-02-project-257005-vcm/img/sample_DT_short_001/2/1099/1418233430_85b38d739f_o.jpg,Cheese,0.630909,0.295590,,,0.812208,0.483100,,
TEST,gs://sample-02-project-257005-vcm/img/sample_DT_short_001/2/1099/1418233430_85b38d739f_o.jpg,Cheese,0.728052,0.356752,,,0.884936,0.613472,,
TEST,gs://sample-02-project-257005-vcm/img/sample_DT_short_001/2/1099/1418233430_85b38d739f_o.jpg,Salad,0.082856,0.088766,,,0.917144,0.941011,,
TEST,gs://sample-02-project-257005-vcm/img/sample_DT_short_001/2/1099/1418233430_85b38d739f_o.jpg,Salad,0.411688,0.288347,,,0.518182,0.389747,,
TEST,gs://sample-02-project-257005-vcm/img/sample_DT_short_001/2/1099/1418233430_85b38d739f_o.jpg,Tomato,0.093246,0.295590,,,0.203376,0.450909,,
TEST,gs://sample-02-project-257005-vcm/img/sample_DT_short_001/2/1099/1418233430_85b38d739f_o.jpg,Tomato,0.145714,0.350314,,,0.288052,0.552310,,
TEST,gs://sample-02-project-257005-vcm/img/sample_DT_short_001/2/1099/1418233430_85b38d739f_o.jpg,Tomato,0.187272,0.437228,,,0.319740,0.647272,,
TEST,gs://sample-02-project-257005-vcm/img/sample_DT_short_001/2/1099/1418233430_85b38d739f_o.jpg,Tomato,0.236103,0.211895,,,0.401818,0.318123,,
TEST,gs://sample-02-project-257005-vcm/img/sample_DT_short_001/2/1099/1418233430_85b38d739f_o.jpg,Tomato,0.239740,0.495976,,,0.347272,0.698777,,
TEST,gs://sample-02-project-257005-vcm/img/sample_DT_short_001/2/1099/1418233430_85b38d739f_o.jpg,Tomato,0.279220,0.314100,,,0.360779,0.421938,,
TEST,gs://sample-02-project-257005-vcm/img/sample_DT_short_001/2/1099/1418233430_85b38d739f_o.jpg,Tomato,0.309870,0.549895,,,0.449610,0.776034,,
TEST,gs://sample-02-project-257005-vcm/img/sample_DT_short_001/2/1099/1418233430_85b38d739f_o.jpg,Tomato,0.353506,0.378481,,,0.565455,0.570819,,
TEST,gs://sample-02-project-257005-vcm/img/sample_DT_short_001/2/1099/1418233430_85b38d739f_o.jpg,Tomato,0.415325,0.624738,,,0.491169,0.725334,,
TEST,gs://sample-02-project-257005-vcm/img/sample_DT_short_001/2/1099/1418233430_85b38d739f_o.jpg,Tomato,0.453247,0.462981,,,0.630390,0.634396,,
TEST,gs://sample-02-project-257005-vcm/img/sample_DT_short_001/2/1099/1418233430_85b38d739f_o.jpg,Tomato,0.514546,0.527362,,,0.736364,0.792934,,
TEST,gs://sample-02-project-257005-vcm/img/sample_DT_short_001/2/1127/986389889_cc3b6feb54_o.jpg,Baked Goods,0.178584,0.500749,,,0.379739,0.819747,,
TEST,gs://sample-02-project-257005-vcm/img/sample_DT_short_001/2/1127/986389889_cc3b6feb54_o.jpg,Baked Goods,0.246549,0.046916,,,0.498131,0.440731,,
TEST,gs://sample-02-project-257005-vcm/img/sample_DT_short_001/2/1127/986389889_cc3b6feb54_o.jpg,Baked Goods,0.493198,0.558300,,,0.763963,0.997334,,
TEST,gs://sample-02-project-257005-vcm/img/sample_DT_short_001/2/1127/986389889_cc3b6feb54_o.jpg,Baked Goods,0.537594,0.092135,,,0.807263,0.458818,,
TEST,gs://sample-02-project-257005-vcm/img/sample_DT_short_001/2/1127/986389889_cc3b6feb54_o.jpg,Cheese,0.171136,0.524254,,,0.341597,0.725683,,
TEST,gs://sample-02-project-257005-vcm/img/sample_DT_short_001/2/1127/986389889_cc3b6feb54_o.jpg,Cheese,0.287883,0.095908,,,0.468758,0.302270,,
TEST,gs://sample-02-project-257005-vcm/img/sample_DT_short_001/2/1127/986389889_cc3b6feb54_o.jpg,Cheese,0.554811,0.158392,,,0.805296,0.352422,,
TEST,gs://sample-02-project-257005-vcm/img/sample_DT_short_001/2/1127/986389889_cc3b6feb54_o.jpg,Cheese,0.561936,0.664843,,,0.748293,0.982197,,
TEST,gs://sample-02-project-257005-vcm/img/sample_DT_short_001/2/1127/986389889_cc3b6feb54_o.jpg,Salad,0.113908,0.009919,,,0.964570,1.000000,,
TEST,gs://sample-02-project-257005-vcm/img/sample_DT_short_001/2/1127/986389889_cc3b6feb54_o.jpg,Tomato,0.137701,0.787345,,,0.278017,0.948489,,
TEST,gs://sample-02-project-257005-vcm/img/sample_DT_short_001/2/1127/986389889_cc3b6feb54_o.jpg,Tomato,0.221562,0.000000,,,0.415592,0.189634,,
TEST,gs://sample-02-project-257005-vcm/img/sample_DT_short_001/2/1127/986389889_cc3b6feb54_o.jpg,Tomato,0.718695,0.785701,,,0.886964,0.999463,,
TEST,gs://sample-02-project-257005-vcm/img/sample_DT_short_001/2/1127/986389889_cc3b6feb54_o.jpg,Tomato,0.728561,0.014514,,,0.903407,0.206078,,
TEST,gs://sample-02-project-257005-vcm/img/sample_DT_short_001/2/1130/4595007045_1e3245484b_o.jpg,Salad,0.009040,0.123627,,,0.960344,1.000000,,
TEST,gs://sample-02-project-257005-vcm/img/sample_DT_short_001/2/1130/4595007045_1e3245484b_o.jpg,Tomato,0.416351,0.201952,,,0.583102,0.406422,,
TEST,gs://sample-02-project-257005-vcm/img/sample_DT_short_001/2/1287/1372934203_8604ccd1d1_o.jpg,Cheese,0.000000,0.177111,,,0.367403,0.777813,,
TEST,gs://sample-02-project-257005-vcm/img/sample_DT_short_001/2/1287/1372934203_8604ccd1d1_o.jpg,Salad,0.412981,0.830386,,,0.695639,1.000000,,
TEST,gs://sample-02-project-257005-vcm/img/sample_DT_short_001/2/1287/1372934203_8604ccd1d1_o.jpg,Salad,0.521601,0.089795,,,1.000000,0.761264,,
TEST,gs://sample-02-project-257005-vcm/img/sample_DT_short_001/2/1287/1372934203_8604ccd1d1_o.jpg,Tomato,0.511726,0.090618,,,0.844375,0.335013,,
TEST,gs://sample-02-project-257005-vcm/img/sample_DT_short_001/2/1287/1372934203_8604ccd1d1_o.jpg,Tomato,0.620346,0.474902,,,0.666633,0.540733,,
TEST,gs://sample-02-project-257005-vcm/img/sample_DT_short_001/2/1287/1372934203_8604ccd1d1_o.jpg,Tomato,0.645650,0.432113,,,0.944972,0.757972,,
TEST,gs://sample-02-project-257005-vcm/img/sample_DT_short_001/2/1287/1372934203_8604ccd1d1_o.jpg,Tomato,0.740692,0.272474,,,0.835117,0.373688,,
TEST,gs://sample-02-project-257005-vcm/img/sample_DT_short_001/2/1287/1372934203_8604ccd1d1_o.jpg,Tomato,0.798789,0.404958,,,0.851168,0.469822,,
TEST,gs://sample-02-project-257005-vcm/img/sample_DT_short_001/2/1287/1372934203_8604ccd1d1_o.jpg,Tomato,0.878936,0.409072,,,0.938800,0.479017,,
TEST,gs://sample-02-project-257005-vcm/img/sample_DT_short_001/2/1297/530183786_4efd11c68f_o.jpg,Baked Goods,0.075503,0.593931,,,0.183283,0.813907,,
TEST,gs://sample-02-project-257005-vcm/img/sample_DT_short_001/2/1297/530183786_4efd11c68f_o.jpg,Baked Goods,0.141737,0.552987,,,0.350673,0.847626,,
TEST,gs://sample-02-project-257005-vcm/img/sample_DT_short_001/2/1297/530183786_4efd11c68f_o.jpg,Baked Goods,0.232657,0.753694,,,0.396435,0.964839,,
TEST,gs://sample-02-project-257005-vcm/img/sample_DT_short_001/2/1297/530183786_4efd11c68f_o.jpg,Baked Goods,0.276612,0.520071,,,0.458454,0.721581,,
TEST,gs://sample-02-project-257005-vcm/img/sample_DT_short_001/2/1297/530183786_4efd11c68f_o.jpg,Baked Goods,0.403660,0.708736,,,0.552385,0.781794,,
TEST,gs://sample-02-project-257005-vcm/img/sample_DT_short_001/2/1297/530183786_4efd11c68f_o.jpg,Baked Goods,0.410886,0.369139,,,0.539740,0.671003,,
TEST,gs://sample-02-project-257005-vcm/img/sample_DT_short_001/2/1297/530183786_4efd11c68f_o.jpg,Baked Goods,0.525289,0.406069,,,0.649929,0.570649,,
TEST,gs://sample-02-project-257005-vcm/img/sample_DT_short_001/2/1297/530183786_4efd11c68f_o.jpg,Baked Goods,0.539138,0.554592,,,0.605974,0.659763,,
TEST,gs://sample-02-project-257005-vcm/img/sample_DT_short_001/2/1297/530183786_4efd11c68f_o.jpg,Salad,0.001442,0.000000,,,1.000000,1.000000,,
TEST,gs://sample-02-project-257005-vcm/img/sample_DT_short_001/2/1297/530183786_4efd11c68f_o.jpg,Tomato,0.577674,0.000000,,,1.000000,0.477521,,
TEST,gs://sample-02-project-257005-vcm/img/sample_DT_short_001/2/1314/577572769_08222934dc_o.jpg,Salad,0.092412,0.031313,,,0.956427,0.967079,,
TEST,gs://sample-02-project-257005-vcm/img/sample_DT_short_001/2/1314/577572769_08222934dc_o.jpg,Tomato,0.102059,0.315902,,,0.569941,0.965471,,
TEST,gs://sample-02-project-257005-vcm/img/sample_DT_short_001/2/1314/577572769_08222934dc_o.jpg,Tomato,0.231691,0.039353,,,0.574162,0.422020,,
TEST,gs://sample-02-project-257005-vcm/img/sample_DT_short_001/2/1314/577572769_08222934dc_o.jpg,Tomato,0.545824,0.208980,,,0.954015,0.733137,,
VALIDATE,gs://sample-02-project-257005-vcm/img/sample_DT_short_001/2/1348/5127367104_acde05ce70_o.jpg,Cheese,0.265551,0.237477,,,1.000000,0.703363,,
VALIDATE,gs://sample-02-project-257005-vcm/img/sample_DT_short_001/2/1348/5127367104_acde05ce70_o.jpg,Salad,0.092453,0.473296,,,1.000000,1.000000,,
VALIDATE,gs://sample-02-project-257005-vcm/img/sample_DT_short_001/2/1348/5127367104_acde05ce70_o.jpg,Tomato,0.221729,0.603119,,,0.322520,0.752663,,
VALIDATE,gs://sample-02-project-257005-vcm/img/sample_DT_short_001/2/1348/5127367104_acde05ce70_o.jpg,Tomato,0.283080,0.691859,,,0.497809,0.876734,,
VALIDATE,gs://sample-02-project-257005-vcm/img/sample_DT_short_001/2/1348/5127367104_acde05ce70_o.jpg,Tomato,0.486853,0.653241,,,0.802373,0.787994,,
VALIDATE,gs://sample-02-project-257005-vcm/img/sample_DT_short_001/2/1348/5127367104_acde05ce70_o.jpg,Tomato,0.519720,0.789638,,,0.727876,0.977799,,
VALIDATE,gs://sample-02-project-257005-vcm/img/sample_DT_short_001/2/1348/5127367104_acde05ce70_o.jpg,Tomato,0.780462,0.637629,,,0.996287,0.920283,,
VALIDATE,gs://sample-02-project-257005-vcm/img/sample_DT_short_001/2/1395/4592863746_5c25bccec3_o.jpg,Salad,0.038786,0.178095,,,0.929185,0.747495,,
VALIDATE,gs://sample-02-project-257005-vcm/img/sample_DT_short_001/2/1395/4592863746_5c25bccec3_o.jpg,Tomato,0.084694,0.240373,,,0.881142,0.719995,,
VALIDATE,gs://sample-02-project-257005-vcm/img/sample_DT_short_001/2140/2051489477_f5554b831f_o.jpg,Cheese,0.194628,0.232042,,,0.275517,0.351599,,
VALIDATE,gs://sample-02-project-257005-vcm/img/sample_DT_short_001/2140/2051489477_f5554b831f_o.jpg,Cheese,0.201525,0.130878,,,0.352017,0.242911,,
VALIDATE,gs://sample-02-project-257005-vcm/img/sample_DT_short_001/2140/2051489477_f5554b831f_o.jpg,Cheese,0.386504,0.106632,,,0.442939,0.177698,,
VALIDATE,gs://sample-02-project-257005-vcm/img/sample_DT_short_001/2140/2051489477_f5554b831f_o.jpg,Cheese,0.399672,0.277189,,,0.600955,0.470320,,
VALIDATE,gs://sample-02-project-257005-vcm/img/sample_DT_short_001/2140/2051489477_f5554b831f_o.jpg,Salad,0.000000,0.050616,,,0.999130,0.976974,,
VALIDATE,gs://sample-02-project-257005-vcm/img/sample_DT_short_001/2140/2051489477_f5554b831f_o.jpg,Tomato,0.013411,0.318992,,,0.211558,0.430189,,
VALIDATE,gs://sample-02-project-257005-vcm/img/sample_DT_short_001/2140/2051489477_f5554b831f_o.jpg,Tomato,0.014038,0.475336,,,0.171427,0.739532,,
VALIDATE,gs://sample-02-project-257005-vcm/img/sample_DT_short_001/2140/2051489477_f5554b831f_o.jpg,Tomato,0.199644,0.624155,,,0.321919,0.796384,,
VALIDATE,gs://sample-02-project-257005-vcm/img/sample_DT_short_001/2140/2051489477_f5554b831f_o.jpg,Tomato,0.250435,0.329861,,,0.437922,0.565631,,
VALIDATE,gs://sample-02-project-257005-vcm/img/sample_DT_short_001/2140/2051489477_f5554b831f_o.jpg,Tomato,0.324427,0.126698,,,0.487459,0.336550,,
VALIDATE,gs://sample-02-project-257005-vcm/img/sample_DT_short_001/2140/2051489477_f5554b831f_o.jpg,Tomato,0.403435,0.482025,,,0.628545,0.682680,,
VALIDATE,gs://sample-02-project-257005-vcm/img/sample_DT_short_001/2140/2051489477_f5554b831f_o.jpg,Tomato,0.431025,0.089911,,,0.525082,0.242911,,
VALIDATE,gs://sample-02-project-257005-vcm/img/sample_DT_short_001/2140/2051489477_f5554b831f_o.jpg,Tomato,0.531352,0.635024,,,0.816659,0.932663,,
VALIDATE,gs://sample-02-project-257005-vcm/img/sample_DT_short_001/2140/2051489477_f5554b831f_o.jpg,Tomato,0.613496,0.409287,,,0.718840,0.624155,,
VALIDATE,gs://sample-02-project-257005-vcm/img/sample_DT_short_001/2140/2051489477_f5554b831f_o.jpg,Tomato,0.634188,0.268828,,,0.773393,0.425172,,
VALIDATE,gs://sample-02-project-257005-vcm/img/sample_DT_short_001/2140/2051489477_f5554b831f_o.jpg,Tomato,0.716958,0.178534,,,0.805999,0.329861,,
VALIDATE,gs://sample-02-project-257005-vcm/img/sample_DT_short_001/2140/2051489477_f5554b831f_o.jpg,Tomato,0.824184,0.367484,,,1.000000,0.553090,,
VALIDATE,gs://sample-02-project-257005-vcm/img/sample_DT_short_001/2140/2051489477_f5554b831f_o.jpg,Tomato,0.829200,0.626664,,,1.000000,0.840696,,
VALIDATE,gs://sample-02-project-257005-vcm/img/sample_DT_short_001/2140/2051489477_f5554b831f_o.jpg,Tomato,0.858044,0.297255,,,0.950847,0.391730,,
VALIDATE,gs://sample-02-project-257005-vcm/img/sample_DT_short_001/2179/5702769512_8a9f536002_o.jpg,Salad,0.126526,0.137666,,,0.836840,0.922229,,
VALIDATE,gs://sample-02-project-257005-vcm/img/sample_DT_short_001/220/444987050_2cc3d5c005_o.jpg,Cheese,0.036313,0.309167,,,0.366458,0.685887,,
VALIDATE,gs://sample-02-project-257005-vcm/img/sample_DT_short_001/220/444987050_2cc3d5c005_o.jpg,Cheese,0.492581,0.172328,,,0.767084,0.403141,,
VALIDATE,gs://sample-02-project-257005-vcm/img/sample_DT_short_001/220/444987050_2cc3d5c005_o.jpg,Salad,0.000000,0.171503,,,1.000000,0.838389,,
VALIDATE,gs://sample-02-project-257005-vcm/img/sample_DT_short_001/220/444987050_2cc3d5c005_o.jpg,Tomato,0.168000,0.361924,,,0.639724,0.732874,,
VALIDATE,gs://sample-02-project-257005-vcm/img/sample_DT_short_001/220/444987050_2cc3d5c005_o.jpg,Tomato,0.587173,0.414682,,,0.760283,0.617467,,
VALIDATE,gs://sample-02-project-257005-vcm/img/sample_DT_short_001/220/444987050_2cc3d5c005_o.jpg,Tomato,0.692894,0.305045,,,1.000000,0.751834,,
VALIDATE,gs://sample-02-project-257005-vcm/img/sample_DT_short_001/2308/5806274026_e7d31c6432_o.jpg,Salad,0.027039,0.000000,,,0.948849,0.974404,,
VALIDATE,gs://sample-02-project-257005-vcm/img/sample_DT_short_001/2308/5806274026_e7d31c6432_o.jpg,Tomato,0.150071,0.359451,,,0.611903,0.943079,,
VALIDATE,gs://sample-02-project-257005-vcm/img/sample_DT_short_001/2308/5806274026_e7d31c6432_o.jpg,Tomato,0.342965,0.230031,,,0.741117,0.553994,,
VALIDATE,gs://sample-02-project-257005-vcm/img/sample_DT_short_001/2526/3828135161_78296e39c6_o.jpg,Cheese,0.465501,0.248591,,,0.705059,0.478932,,
VALIDATE,gs://sample-02-project-257005-vcm/img/sample_DT_short_001/2526/3828135161_78296e39c6_o.jpg,Cheese,0.507163,0.016604,,,0.790577,0.186069,,
VALIDATE,gs://sample-02-project-257005-vcm/img/sample_DT_short_001/2526/3828135161_78296e39c6_o.jpg,Cheese,0.565271,0.507725,,,0.791673,0.798943,,
VALIDATE,gs://sample-02-project-257005-vcm/img/sample_DT_short_001/2526/3828135161_78296e39c6_o.jpg,Cheese,0.762619,0.390086,,,0.955033,0.947842,,
VALIDATE,gs://sample-02-project-257005-vcm/img/sample_DT_short_001/2526/3828135161_78296e39c6_o.jpg,Cheese,0.824564,0.000000,,,0.924335,0.153164,,
VALIDATE,gs://sample-02-project-257005-vcm/img/sample_DT_short_001/2526/3828135161_78296e39c6_o.jpg,Salad,0.441381,0.000973,,,1.000000,0.981571,,
VALIDATE,gs://sample-02-project-257005-vcm/img/sample_DT_short_001/2526/3828135161_78296e39c6_o.jpg,Tomato,0.480850,0.102982,,,0.822920,0.374456,,
VALIDATE,gs://sample-02-project-257005-vcm/img/sample_DT_short_001/2526/3828135161_78296e39c6_o.jpg,Tomato,0.500585,0.321807,,,0.800992,0.580941,,
VALIDATE,gs://sample-02-project-257005-vcm/img/sample_DT_short_001/2526/3828135161_78296e39c6_o.jpg,Tomato,0.572946,0.000000,,,0.866227,0.248591,,
VALIDATE,gs://sample-02-project-257005-vcm/img/sample_DT_short_001/2526/3828135161_78296e39c6_o.jpg,Tomato,0.666138,0.379392,,,0.875546,0.905065,,
VALIDATE,gs://sample-02-project-257005-vcm/img/sample_DT_short_001/2526/3828135161_78296e39c6_o.jpg,Tomato,0.888703,0.453430,,,1.000000,1.000000,,
VALIDATE,gs://sample-02-project-257005-vcm/img/sample_DT_short_001/2567/3781756858_f34fdfac64_o.jpg,Cheese,0.016252,0.331388,,,0.121629,0.484693,,
VALIDATE,gs://sample-02-project-257005-vcm/img/sample_DT_short_001/2567/3781756858_f34fdfac64_o.jpg,Cheese,0.037606,0.663550,,,0.149018,0.924829,,
VALIDATE,gs://sample-02-project-257005-vcm/img/sample_DT_short_001/2567/3781756858_f34fdfac64_o.jpg,Cheese,0.130914,0.062691,,,0.255788,0.162422,,
VALIDATE,gs://sample-02-project-257005-vcm/img/sample_DT_short_001/2567/3781756858_f34fdfac64_o.jpg,Cheese,0.161552,0.941314,,,0.324493,1.000000,,
VALIDATE,gs://sample-02-project-257005-vcm/img/sample_DT_short_001/2567/3781756858_f34fdfac64_o.jpg,Cheese,0.194976,0.259680,,,0.337491,0.473154,,
VALIDATE,gs://sample-02-project-257005-vcm/img/sample_DT_short_001/2567/3781756858_f34fdfac64_o.jpg,Cheese,0.315673,0.612448,,,0.469329,0.849000,,
VALIDATE,gs://sample-02-project-257005-vcm/img/sample_DT_short_001/2567/3781756858_f34fdfac64_o.jpg,Cheese,0.369986,0.000000,,,0.475828,0.050327,,
VALIDATE,gs://sample-02-project-257005-vcm/img/sample_DT_short_001/2567/3781756858_f34fdfac64_o.jpg,Cheese,0.487433,0.597612,,,0.671264,0.834989,,
VALIDATE,gs://sample-02-project-257005-vcm/img/sample_DT_short_001/2567/3781756858_f34fdfac64_o.jpg,Cheese,0.494861,0.279462,,,0.637840,0.513541,,
VALIDATE,gs://sample-02-project-257005-vcm/img/sample_DT_short_001/2567/3781756858_f34fdfac64_o.jpg,Cheese,0.616022,0.204457,,,0.720471,0.312431,,
VALIDATE,gs://sample-02-project-257005-vcm/img/sample_DT_short_001/2567/3781756858_f34fdfac64_o.jpg,Cheese,0.636911,0.093187,,,0.768749,0.253087,,
VALIDATE,gs://sample-02-project-257005-vcm/img/sample_DT_short_001/2567/3781756858_f34fdfac64_o.jpg,Cheese,0.699581,0.826746,,,0.860200,1.000000,,
VALIDATE,gs://sample-02-project-257005-vcm/img/sample_DT_short_001/2567/3781756858_f34fdfac64_o.jpg,Cheese,0.700509,0.557225,,,0.831419,0.797074,,
VALIDATE,gs://sample-02-project-257005-vcm/img/sample_DT_short_001/2567/3781756858_f34fdfac64_o.jpg,Cheese,0.860200,0.816032,,,0.867164,0.828395,,
VALIDATE,gs://sample-02-project-257005-vcm/img/sample_DT_short_001/2567/3781756858_f34fdfac64_o.jpg,Tomato,0.000000,0.000000,,,0.976288,1.000000,,
VALIDATE,gs://sample-02-project-257005-vcm/img/sample_DT_short_001/283/19391743534_00299986a7_o.jpg,Salad,0.000000,0.040793,,,1.000000,0.989875,,
VALIDATE,gs://sample-02-project-257005-vcm/img/sample_DT_short_001/283/19391743534_00299986a7_o.jpg,Tomato,0.003938,0.253852,,,0.300930,0.886573,,
VALIDATE,gs://sample-02-project-257005-vcm/img/sample_DT_short_001/283/19391743534_00299986a7_o.jpg,Tomato,0.054513,0.104549,,,0.468794,0.349890,,
VALIDATE,gs://sample-02-project-257005-vcm/img/sample_DT_short_001/283/19391743534_00299986a7_o.jpg,Tomato,0.192248,0.412839,,,0.503228,0.589582,,
VALIDATE,gs://sample-02-project-257005-vcm/img/sample_DT_short_001/283/19391743534_00299986a7_o.jpg,Tomato,0.247127,0.558107,,,0.557031,0.825238,,
VALIDATE,gs://sample-02-project-257005-vcm/img/sample_DT_short_001/283/19391743534_00299986a7_o.jpg,Tomato,0.464490,0.712252,,,0.596845,0.888994,,
VALIDATE,gs://sample-02-project-257005-vcm/img/sample_DT_short_001/283/19391743534_00299986a7_o.jpg,Tomato,0.472023,0.040793,,,0.855098,0.214307,,
VALIDATE,gs://sample-02-project-257005-vcm/img/sample_DT_short_001/283/19391743534_00299986a7_o.jpg,Tomato,0.489239,0.209465,,,1.000000,0.988260,,
VALIDATE,gs://sample-02-project-257005-vcm/img/sample_DT_short_001/2851/11476419305_7b73a0128c_o.jpg,Salad,0.064138,0.023796,,,0.941685,0.936278,,
VALIDATE,gs://sample-02-project-257005-vcm/img/sample_DT_short_001/2851/11476419305_7b73a0128c_o.jpg,Seafood,0.447597,0.615204,,,0.631424,0.922137,,
VALIDATE,gs://sample-02-project-257005-vcm/img/sample_DT_short_001/2851/11476419305_7b73a0128c_o.jpg,Seafood,0.564880,0.572782,,,0.717931,0.743301,,
VALIDATE,gs://sample-02-project-257005-vcm/img/sample_DT_short_001/2867/13355293044_b20ee3318e_o.jpg,Baked Goods,0.672786,0.330459,,,1.000000,0.710101,,
VALIDATE,gs://sample-02-project-257005-vcm/img/sample_DT_short_001/2867/13355293044_b20ee3318e_o.jpg,Cheese,0.029503,0.462685,,,0.186065,0.592477,,
VALIDATE,gs://sample-02-project-257005-vcm/img/sample_DT_short_001/2867/13355293044_b20ee3318e_o.jpg,Salad,0.186065,0.255828,,,0.844761,0.431048,,
VALIDATE,gs://sample-02-project-257005-vcm/img/sample_DT_short_001/2867/13355293044_b20ee3318e_o.jpg,Tomato,0.187687,0.285843,,,0.352361,0.424558,,
VALIDATE,gs://sample-02-project-257005-vcm/img/sample_DT_short_001/2867/13355293044_b20ee3318e_o.jpg,Tomato,0.379942,0.361284,,,0.449705,0.406712,,
VALIDATE,gs://sample-02-project-257005-vcm/img/sample_DT_short_001/2887/9648689814_c6ed4c1092_o.jpg,Cheese,0.144887,0.625956,,,0.342444,0.843456,,
VALIDATE,gs://sample-02-project-257005-vcm/img/sample_DT_short_001/2887/9648689814_c6ed4c1092_o.jpg,Salad,0.459411,0.090055,,,1.000000,0.798732,,
VALIDATE,gs://sample-02-project-257005-vcm/img/sample_DT_short_001/3186/2375848425_8b226d3118_o.jpg,Baked Goods,0.000000,0.293795,,,0.677294,1.000000,,
VALIDATE,gs://sample-02-project-257005-vcm/img/sample_DT_short_001/3186/2375848425_8b226d3118_o.jpg,Salad,0.000000,0.023071,,,0.833818,0.448132,,
VALIDATE,gs://sample-02-project-257005-vcm/img/sample_DT_short_001/3186/2375848425_8b226d3118_o.jpg,Tomato,0.137993,0.249939,,,0.215884,0.367168,,
VALIDATE,gs://sample-02-project-257005-vcm/img/sample_DT_short_001/3186/2375848425_8b226d3118_o.jpg,Tomato,0.195855,0.123433,,,0.264844,0.244879,,
VALIDATE,gs://sample-02-project-257005-vcm/img/sample_DT_short_001/3186/2375848425_8b226d3118_o.jpg,Tomato,0.222560,0.288734,,,0.355346,0.362951,,
VALIDATE,gs://sample-02-project-257005-vcm/img/sample_DT_short_001/3186/2375848425_8b226d3118_o.jpg,Tomato,0.258909,0.222951,,,0.381309,0.294638,,
VALIDATE,gs://sample-02-project-257005-vcm/img/sample_DT_short_001/3186/2375848425_8b226d3118_o.jpg,Tomato,0.262618,0.378132,,,0.316029,0.446446,,
VALIDATE,gs://sample-02-project-257005-vcm/img/sample_DT_short_001/3186/2375848425_8b226d3118_o.jpg,Tomato,0.275229,0.023914,,,0.421367,0.121746,,
VALIDATE,gs://sample-02-project-257005-vcm/img/sample_DT_short_001/3186/2375848425_8b226d3118_o.jpg,Tomato,0.306386,0.177409,,,0.447331,0.254156,,
VALIDATE,gs://sample-02-project-257005-vcm/img/sample_DT_short_001/3186/2375848425_8b226d3118_o.jpg,Tomato,0.468102,0.261746,,,0.554895,0.345241,,
VALIDATE,gs://sample-02-project-257005-vcm/img/sample_DT_short_001/3186/2375848425_8b226d3118_o.jpg,Tomato,0.517062,0.143674,,,0.619433,0.239819,,
VALIDATE,gs://sample-02-project-257005-vcm/img/sample_DT_short_001/3186/2375848425_8b226d3118_o.jpg,Tomato,0.629818,0.151264,,,0.738123,0.238132,,
VALIDATE,gs://sample-02-project-257005-vcm/img/sample_DT_short_001/3186/2375848425_8b226d3118_o.jpg,Tomato,0.735156,0.231385,,,0.829367,0.320783,,
VALIDATE,gs://sample-02-project-257005-vcm/img/sample_DT_short_001/3/2014/2128855624_35109358da_o.jpg,Cheese,0.000000,0.057415,,,0.095256,0.450641,,
VALIDATE,gs://sample-02-project-257005-vcm/img/sample_DT_short_001/3/2014/2128855624_35109358da_o.jpg,Cheese,0.000000,0.402927,,,0.298862,0.926955,,
VALIDATE,gs://sample-02-project-257005-vcm/img/sample_DT_short_001/3/2014/2128855624_35109358da_o.jpg,Cheese,0.053918,0.000000,,,0.255056,0.237575,,
VALIDATE,gs://sample-02-project-257005-vcm/img/sample_DT_short_001/3/2014/2128855624_35109358da_o.jpg,Cheese,0.094639,0.035203,,,0.471002,0.416912,,
VALIDATE,gs://sample-02-project-257005-vcm/img/sample_DT_short_001/3/2014/2128855624_35109358da_o.jpg,Cheese,0.237163,0.408686,,,0.565401,0.867724,,
VALIDATE,gs://sample-02-project-257005-vcm/img/sample_DT_short_001/3/2014/2128855624_35109358da_o.jpg,Cheese,0.263077,0.000000,,,0.390793,0.067286,,
VALIDATE,gs://sample-02-project-257005-vcm/img/sample_DT_short_001/3/2014/2128855624_35109358da_o.jpg,Cheese,0.392644,0.000000,,,0.573421,0.077158,,
VALIDATE,gs://sample-02-project-257005-vcm/img/sample_DT_short_001/3/2014/2128855624_35109358da_o.jpg,Cheese,0.417941,0.139679,,,0.643758,0.339583,,
VALIDATE,gs://sample-02-project-257005-vcm/img/sample_DT_short_001/3/2014/2128855624_35109358da_o.jpg,Cheese,0.562933,0.430075,,,0.792452,0.648900,,
VALIDATE,gs://sample-02-project-257005-vcm/img/sample_DT_short_001/3/2014/2128855624_35109358da_o.jpg,Cheese,0.602420,0.556763,,,0.896723,1.000000,,
VALIDATE,gs://sample-02-project-257005-vcm/img/sample_DT_short_001/3/2014/2128855624_35109358da_o.jpg,Cheese,0.624014,0.000000,,,0.910296,0.119936,,
VALIDATE,gs://sample-02-project-257005-vcm/img/sample_DT_short_001/3/2014/2128855624_35109358da_o.jpg,Cheese,0.626482,0.082917,,,0.965825,0.407041,,
VALIDATE,gs://sample-02-project-257005-vcm/img/sample_DT_short_001/3/2014/2128855624_35109358da_o.jpg,Cheese,0.781963,0.274594,,,1.000000,0.741859,,
VALIDATE,gs://sample-02-project-257005-vcm/img/sample_DT_short_001/3/2014/2128855624_35109358da_o.jpg,Cheese,0.867107,0.171763,,,1.000000,0.459690,,
VALIDATE,gs://sample-02-project-257005-vcm/img/sample_DT_short_001/3/2014/2128855624_35109358da_o.jpg,Cheese,0.942997,0.378248,,,1.000000,0.625043,,
VALIDATE,gs://sample-02-project-257005-vcm/img/sample_DT_short_001/3/2014/2128855624_35109358da_o.jpg,Salad,0.000000,0.000000,,,1.000000,1.000000,,
VALIDATE,gs://sample-02-project-257005-vcm/img/sample_DT_short_001/3/2014/2128855624_35109358da_o.jpg,Tomato,0.000000,0.694968,,,0.423494,0.999348,,
VALIDATE,gs://sample-02-project-257005-vcm/img/sample_DT_short_001/3/2014/2128855624_35109358da_o.jpg,Tomato,0.000240,0.237575,,,0.175465,0.630801,,
VALIDATE,gs://sample-02-project-257005-vcm/img/sample_DT_short_001/3/2014/2128855624_35109358da_o.jpg,Tomato,0.222356,0.000000,,,0.307500,0.135566,,
VALIDATE,gs://sample-02-project-257005-vcm/img/sample_DT_short_001/3/2014/2128855624_35109358da_o.jpg,Tomato,0.251971,0.339583,,,0.649928,0.594605,,
VALIDATE,gs://sample-02-project-257005-vcm/img/sample_DT_short_001/3/2014/2128855624_35109358da_o.jpg,Tomato,0.419175,0.024509,,,0.582059,0.143793,,
VALIDATE,gs://sample-02-project-257005-vcm/img/sample_DT_short_001/3/2014/2128855624_35109358da_o.jpg,Tomato,0.445088,0.653835,,,0.687564,1.000000,,
VALIDATE,gs://sample-02-project-257005-vcm/img/sample_DT_short_001/3/2014/2128855624_35109358da_o.jpg,Tomato,0.818982,0.717179,,,1.000000,0.880064,,
VALIDATE,gs://sample-02-project-257005-vcm/img/sample_DT_short_001/3/2351/2504806100_0aba546f2e_o.jpg,Salad,0.132267,0.000000,,,0.853857,1.000000,,
VALIDATE,gs://sample-02-project-257005-vcm/img/sample_DT_short_001/3/2351/2504806100_0aba546f2e_o.jpg,Seafood,0.267832,0.647700,,,0.444493,0.855603,,
VALIDATE,gs://sample-02-project-257005-vcm/img/sample_DT_short_001/3/2351/2504806100_0aba546f2e_o.jpg,Seafood,0.397526,0.326613,,,0.569384,0.581877,,
VALIDATE,gs://sample-02-project-257005-vcm/img/sample_DT_short_001/3/2351/2504806100_0aba546f2e_o.jpg,Seafood,0.418341,0.613183,,,0.644638,0.976813,,
VALIDATE,gs://sample-02-project-257005-vcm/img/sample_DT_short_001/3/2351/2504806100_0aba546f2e_o.jpg,Seafood,0.538428,0.174900,,,0.719359,0.417320,,
VALIDATE,gs://sample-02-project-257005-vcm/img/sample_DT_short_001/3/2351/2504806100_0aba546f2e_o.jpg,Seafood,0.656380,0.271226,,,0.784473,0.453442,,
VALIDATE,gs://sample-02-project-257005-vcm/img/sample_DT_short_001/3/2351/2504806100_0aba546f2e_o.jpg,Tomato,0.303057,0.060112,,,0.466909,0.532109,,
VALIDATE,gs://sample-02-project-257005-vcm/img/sample_DT_short_001/3/2351/2504806100_0aba546f2e_o.jpg,Tomato,0.386851,0.619605,,,0.472780,0.719141,,
VALIDATE,gs://sample-02-project-257005-vcm/img/sample_DT_short_001/3/2351/2504806100_0aba546f2e_o.jpg,Tomato,0.472247,0.093826,,,0.566715,0.243934,,
VALIDATE,gs://sample-02-project-257005-vcm/img/sample_DT_short_001/3/2351/2504806100_0aba546f2e_o.jpg,Tomato,0.521349,0.002316,,,0.621155,0.124329,,
VALIDATE,gs://sample-02-project-257005-vcm/img/sample_DT_short_001/3/2429/3596450112_7b13bb2cc2_o.jpg,Baked Goods,0.280346,0.130384,,,0.747033,0.385921,,
VALIDATE,gs://sample-02-project-257005-vcm/img/sample_DT_short_001/3/2429/3596450112_7b13bb2cc2_o.jpg,Salad,0.128518,0.380943,,,1.000000,0.955901,,
VALIDATE,gs://sample-02-project-257005-vcm/img/sample_DT_short_001/3/2429/3596450112_7b13bb2cc2_o.jpg,Tomato,0.117317,0.654733,,,0.334482,0.879572,,
VALIDATE,gs://sample-02-project-257005-vcm/img/sample_DT_short_001/3/2429/3596450112_7b13bb2cc2_o.jpg,Tomato,0.176431,0.523645,,,0.353149,0.682941,,
VALIDATE,gs://sample-02-project-257005-vcm/img/sample_DT_short_001/3/2429/3596450112_7b13bb2cc2_o.jpg,Tomato,0.308970,0.489629,,,0.435908,0.609101,,
VALIDATE,gs://sample-02-project-257005-vcm/img/sample_DT_short_001/3/2429/3596450112_7b13bb2cc2_o.jpg,Tomato,0.421597,0.707831,,,0.653695,0.955901,,
VALIDATE,gs://sample-02-project-257005-vcm/img/sample_DT_short_001/3/2429/3596450112_7b13bb2cc2_o.jpg,Tomato,0.488177,0.405833,,,0.566581,0.615738,,
VALIDATE,gs://sample-02-project-257005-vcm/img/sample_DT_short_001/3/2429/3596450112_7b13bb2cc2_o.jpg,Tomato,0.720276,0.708661,,,0.952375,0.923544,,
VALIDATE,gs://sample-02-project-257005-vcm/img/sample_DT_short_001/3/2429/3596450112_7b13bb2cc2_o.jpg,Tomato,0.901973,0.396707,,,1.000000,0.526964,,
VALIDATE,gs://sample-02-project-257005-vcm/img/sample_DT_short_001/3/2429/3596450112_7b13bb2cc2_o.jpg,Tomato,0.980998,0.687089,,,1.000000,0.874594,,
VALIDATE,gs://sample-02-project-257005-vcm/img/sample_DT_short_001/3249/5752644248_8663507fec_o.jpg,Salad,0.000000,0.047853,,,0.177892,0.823551,,
VALIDATE,gs://sample-02-project-257005-vcm/img/sample_DT_short_001/3249/5752644248_8663507fec_o.jpg,Salad,0.176655,0.000000,,,0.979762,0.988417,,
VALIDATE,gs://sample-02-project-257005-vcm/img/sample_DT_short_001/3249/5752644248_8663507fec_o.jpg,Tomato,0.000000,0.048678,,,0.180365,0.530912,,
VALIDATE,gs://sample-02-project-257005-vcm/img/sample_DT_short_001/3249/5752644248_8663507fec_o.jpg,Tomato,0.328745,0.154192,,,0.781922,0.832618,,
VALIDATE,gs://sample-02-project-257005-vcm/img/sample_DT_short_001/3/2520/3916261642_0a504acd60_o.jpg,Salad,0.000000,0.116889,,,1.000000,1.000000,,
VALIDATE,gs://sample-02-project-257005-vcm/img/sample_DT_short_001/3/2520/3916261642_0a504acd60_o.jpg,Seafood,0.000000,0.159594,,,1.000000,0.800987,,
VALIDATE,gs://sample-02-project-257005-vcm/img/sample_DT_short_001/3/2520/3916261642_0a504acd60_o.jpg,Tomato,0.107992,0.704080,,,0.441965,0.937313,,
VALIDATE,gs://sample-02-project-257005-vcm/img/sample_DT_short_001/3/2520/3916261642_0a504acd60_o.jpg,Tomato,0.148507,0.116068,,,0.360936,0.286065,,
VALIDATE,gs://sample-02-project-257005-vcm/img/sample_DT_short_001/3/2520/3916261642_0a504acd60_o.jpg,Tomato,0.387216,0.130029,,,0.556940,0.275389,,
VALIDATE,gs://sample-02-project-257005-vcm/img/sample_DT_short_001/3/2520/3916261642_0a504acd60_o.jpg,Tomato,0.490145,0.795238,,,0.783604,0.898715,,
VALIDATE,gs://sample-02-project-257005-vcm/img/sample_DT_short_001/3/2520/3916261642_0a504acd60_o.jpg,Tomato,0.651109,0.137420,,,0.798934,0.231042,,
VALIDATE,gs://sample-02-project-257005-vcm/img/sample_DT_short_001/3/2543/5808204954_65828e7117_o.jpg,Salad,0.000000,0.000000,,,0.916757,0.956264,,
VALIDATE,gs://sample-02-project-257005-vcm/img/sample_DT_short_001/3/2543/5808204954_65828e7117_o.jpg,Tomato,0.000540,0.015371,,,0.912974,0.948160,,
VALIDATE,gs://sample-02-project-257005-vcm/img/sample_DT_short_001/3/2557/3802430198_6365b674e5_o.jpg,Salad,0.000000,0.000000,,,1.000000,0.998014,,
VALIDATE,gs://sample-02-project-257005-vcm/img/sample_DT_short_001/3/2557/3802430198_6365b674e5_o.jpg,Seafood,0.037281,0.166483,,,0.201755,0.487251,,
VALIDATE,gs://sample-02-project-257005-vcm/img/sample_DT_short_001/3/2557/3802430198_6365b674e5_o.jpg,Seafood,0.201755,0.000000,,,0.401316,0.624606,,
VALIDATE,gs://sample-02-project-257005-vcm/img/sample_DT_short_001/3/2557/3802430198_6365b674e5_o.jpg,Seafood,0.402961,0.002808,,,0.769737,0.496299,,
VALIDATE,gs://sample-02-project-257005-vcm/img/sample_DT_short_001/3/2557/3802430198_6365b674e5_o.jpg,Seafood,0.770285,0.224056,,,1.000000,0.497121,,
VALIDATE,gs://sample-02-project-257005-vcm/img/sample_DT_short_001/3/2557/3802430198_6365b674e5_o.jpg,Tomato,0.241776,0.679713,,,0.580044,0.998837,,
VALIDATE,gs://sample-02-project-257005-vcm/img/sample_DT_short_001/3/2557/3802430198_6365b674e5_o.jpg,Tomato,0.925438,0.623784,,,1.000000,0.835162,,
VALIDATE,gs://sample-02-project-257005-vcm/img/sample_DT_short_001/3/2632/3922288252_faac85ee22_o.jpg,Tomato,0.000000,0.362749,,,0.173564,0.603454,,
VALIDATE,gs://sample-02-project-257005-vcm/img/sample_DT_short_001/3/2632/3922288252_faac85ee22_o.jpg,Tomato,0.001073,0.102259,,,0.189639,0.324005,,
VALIDATE,gs://sample-02-project-257005-vcm/img/sample_DT_short_001/3/2632/3922288252_faac85ee22_o.jpg,Tomato,0.067843,0.000866,,,0.200767,0.093192,,
VALIDATE,gs://sample-02-project-257005-vcm/img/sample_DT_short_001/3/2632/3922288252_faac85ee22_o.jpg,Tomato,0.125959,0.568832,,,0.373877,0.935660,,
VALIDATE,gs://sample-02-project-257005-vcm/img/sample_DT_short_001/3/2632/3922288252_faac85ee22_o.jpg,Tomato,0.214369,0.000000,,,0.425810,0.141003,,
VALIDATE,gs://sample-02-project-257005-vcm/img/sample_DT_short_001/3/2632/3922288252_faac85ee22_o.jpg,Tomato,0.274339,0.198706,,,0.455486,0.442709,,
VALIDATE,gs://sample-02-project-257005-vcm/img/sample_DT_short_001/3/2632/3922288252_faac85ee22_o.jpg,Tomato,0.435084,0.385006,,,0.666927,0.666927,,
VALIDATE,gs://sample-02-project-257005-vcm/img/sample_DT_short_001/3/2632/3922288252_faac85ee22_o.jpg,Tomato,0.444976,0.719685,,,0.696603,0.995836,,
VALIDATE,gs://sample-02-project-257005-vcm/img/sample_DT_short_001/3/2632/3922288252_faac85ee22_o.jpg,Tomato,0.481453,0.000000,,,0.657035,0.153368,,
VALIDATE,gs://sample-02-project-257005-vcm/img/sample_DT_short_001/3/2632/3922288252_faac85ee22_o.jpg,Tomato,0.648998,0.213544,,,0.825818,0.414682,,
VALIDATE,gs://sample-02-project-257005-vcm/img/sample_DT_short_001/3/2632/3922288252_faac85ee22_o.jpg,Tomato,0.719479,0.037961,,,0.925974,0.199531,,
VALIDATE,gs://sample-02-project-257005-vcm/img/sample_DT_short_001/3/2632/3922288252_faac85ee22_o.jpg,Tomato,0.802942,0.616643,,,1.000000,0.994188,,
VALIDATE,gs://sample-02-project-257005-vcm/img/sample_DT_short_001/3/2632/3922288252_faac85ee22_o.jpg,Tomato,0.906808,0.247342,,,1.000000,0.561413,,
VALIDATE,gs://sample-02-project-257005-vcm/img/sample_DT_short_001/3/2685/5863586770_8cdcb02f47_o.jpg,Cheese,0.372022,0.176449,,,0.665073,0.549048,,
VALIDATE,gs://sample-02-project-257005-vcm/img/sample_DT_short_001/3/2685/5863586770_8cdcb02f47_o.jpg,Salad,0.000000,0.001691,,,1.000000,1.000000,,
VALIDATE,gs://sample-02-project-257005-vcm/img/sample_DT_short_001/3/2685/5863586770_8cdcb02f47_o.jpg,Tomato,0.221788,0.389127,,,0.378205,0.639724,,
VALIDATE,gs://sample-02-project-257005-vcm/img/sample_DT_short_001/3/2685/5863586770_8cdcb02f47_o.jpg,Tomato,0.252700,0.227558,,,0.336782,0.388303,,
VALIDATE,gs://sample-02-project-257005-vcm/img/sample_DT_short_001/3/2685/5863586770_8cdcb02f47_o.jpg,Tomato,0.331218,0.554818,,,0.499382,0.693306,,
VALIDATE,gs://sample-02-project-257005-vcm/img/sample_DT_short_001/3/2685/5863586770_8cdcb02f47_o.jpg,Tomato,0.396752,0.050326,,,0.650853,0.237450,,
VALIDATE,gs://sample-02-project-257005-vcm/img/sample_DT_short_001/3/2685/5863586770_8cdcb02f47_o.jpg,Tomato,0.437557,0.446006,,,0.658890,0.764199,,
VALIDATE,gs://sample-02-project-257005-vcm/img/sample_DT_short_001/3/2685/5863586770_8cdcb02f47_o.jpg,Tomato,0.644670,0.150071,,,0.799851,0.361924,,
VALIDATE,gs://sample-02-project-257005-vcm/img/sample_DT_short_001/3/2685/5863586770_8cdcb02f47_o.jpg,Tomato,0.647762,0.543278,,,0.836328,0.785631,,
VALIDATE,gs://sample-02-project-257005-vcm/img/sample_DT_short_001/3/2685/5863586770_8cdcb02f47_o.jpg,Tomato,0.666927,0.319883,,,0.902481,0.644670,,
VALIDATE,gs://sample-02-project-257005-vcm/img/sample_DT_short_001/3/2699/4402790907_56cb1f5c1b_o.jpg,Cheese,0.186540,0.670780,,,0.318436,0.855272,,
VALIDATE,gs://sample-02-project-257005-vcm/img/sample_DT_short_001/3/2699/4402790907_56cb1f5c1b_o.jpg,Cheese,0.207511,0.385731,,,0.350444,0.522023,,
VALIDATE,gs://sample-02-project-257005-vcm/img/sample_DT_short_001/3/2699/4402790907_56cb1f5c1b_o.jpg,Cheese,0.346581,0.409832,,,0.494481,0.593493,,
VALIDATE,gs://sample-02-project-257005-vcm/img/sample_DT_short_001/3/2699/4402790907_56cb1f5c1b_o.jpg,Cheese,0.444262,0.310106,,,0.570639,0.436425,,
VALIDATE,gs://sample-02-project-257005-vcm/img/sample_DT_short_001/3/2699/4402790907_56cb1f5c1b_o.jpg,Cheese,0.750547,0.341686,,,0.850435,0.526178,,
VALIDATE,gs://sample-02-project-257005-vcm/img/sample_DT_short_001/3/2699/4402790907_56cb1f5c1b_o.jpg,Cheese,0.782003,0.498753,,,0.919418,0.714825,,
VALIDATE,gs://sample-02-project-257005-vcm/img/sample_DT_short_001/3/2699/4402790907_56cb1f5c1b_o.jpg,Salad,0.076719,0.264399,,,0.967430,0.949180,,
VALIDATE,gs://sample-02-project-257005-vcm/img/sample_DT_short_001/3/2758/5861556146_1f91bd38d5_o.jpg,Salad,0.111739,0.001691,,,0.929684,0.953795,,
VALIDATE,gs://sample-02-project-257005-vcm/img/sample_DT_short_001/3/2758/5861556146_1f91bd38d5_o.jpg,Tomato,0.414682,0.232504,,,0.936484,0.921646,,
VALIDATE,gs://sample-02-project-257005-vcm/img/sample_DT_short_001/3281/2995593572_91e7605317_o.jpg,Salad,0.000000,0.000000,,,1.000000,1.000000,,
VALIDATE,gs://sample-02-project-257005-vcm/img/sample_DT_short_001/3281/2995593572_91e7605317_o.jpg,Tomato,0.000000,0.000000,,,1.000000,1.000000,,
TRAIN,gs://sample-02-project-257005-vcm/img/sample_DT_short_001/3/2851/9211707942_609c7209f8_o.jpg,Salad,0.000000,0.000000,,,1.000000,1.000000,,
TRAIN,gs://sample-02-project-257005-vcm/img/sample_DT_short_001/3/2851/9211707942_609c7209f8_o.jpg,Tomato,0.005564,0.239048,,,0.170376,0.413016,,
TRAIN,gs://sample-02-project-257005-vcm/img/sample_DT_short_001/3/2851/9211707942_609c7209f8_o.jpg,Tomato,0.030536,0.790918,,,0.758039,0.999014,,
TRAIN,gs://sample-02-project-257005-vcm/img/sample_DT_short_001/3/2851/9211707942_609c7209f8_o.jpg,Tomato,0.095462,0.570336,,,0.519145,0.793415,,
TRAIN,gs://sample-02-project-257005-vcm/img/sample_DT_short_001/3/2851/9211707942_609c7209f8_o.jpg,Tomato,0.179532,0.281499,,,0.435074,0.576995,,
TRAIN,gs://sample-02-project-257005-vcm/img/sample_DT_short_001/3/2851/9211707942_609c7209f8_o.jpg,Tomato,0.325200,0.039276,,,0.522474,0.247372,,
TRAIN,gs://sample-02-project-257005-vcm/img/sample_DT_short_001/3/2851/9211707942_609c7209f8_o.jpg,Tomato,0.351003,0.308968,,,0.582406,0.523723,,
TRAIN,gs://sample-02-project-257005-vcm/img/sample_DT_short_001/3/2851/9211707942_609c7209f8_o.jpg,Tomato,0.420091,0.446311,,,0.740559,0.651910,,
TRAIN,gs://sample-02-project-257005-vcm/img/sample_DT_short_001/3/2851/9211707942_609c7209f8_o.jpg,Tomato,0.570753,0.229892,,,0.739726,0.471283,,
TRAIN,gs://sample-02-project-257005-vcm/img/sample_DT_short_001/3/2851/9211707942_609c7209f8_o.jpg,Tomato,0.653991,0.088387,,,0.807149,0.199093,,
TRAIN,gs://sample-02-project-257005-vcm/img/sample_DT_short_001/3/2851/9211707942_609c7209f8_o.jpg,Tomato,0.822132,0.184943,,,0.985279,0.387212,,
TRAIN,gs://sample-02-project-257005-vcm/img/sample_DT_short_001/3/2919/14027359359_c146fa5f39_o.jpg,Baked Goods,0.156106,0.000000,,,0.601689,0.418238,,
TRAIN,gs://sample-02-project-257005-vcm/img/sample_DT_short_001/3/2919/14027359359_c146fa5f39_o.jpg,Cheese,0.688587,0.358251,,,0.845743,0.598197,,
TRAIN,gs://sample-02-project-257005-vcm/img/sample_DT_short_001/3/2919/14027359359_c146fa5f39_o.jpg,Cheese,0.698448,0.276900,,,0.844511,0.365647,,
TRAIN,gs://sample-02-project-257005-vcm/img/sample_DT_short_001/3/2919/14027359359_c146fa5f39_o.jpg,Cheese,0.845743,0.226774,,,0.974550,0.362360,,
TRAIN,gs://sample-02-project-257005-vcm/img/sample_DT_short_001/3/2919/14027359359_c146fa5f39_o.jpg,Cheese,0.941886,0.602305,,,1.000000,0.713239,,
TRAIN,gs://sample-02-project-257005-vcm/img/sample_DT_short_001/3/2919/14027359359_c146fa5f39_o.jpg,Salad,0.690436,0.222666,,,1.000000,0.712417,,
TRAIN,gs://sample-02-project-257005-vcm/img/sample_DT_short_001/3/2919/14027359359_c146fa5f39_o.jpg,Tomato,0.853139,0.270326,,,1.000000,0.567793,,
TRAIN,gs://sample-02-project-257005-vcm/img/sample_DT_short_001/3/2947/15202299597_98b4aa6543_o.jpg,Salad,0.137345,0.224925,,,0.826266,0.831817,,
TRAIN,gs://sample-02-project-257005-vcm/img/sample_DT_short_001/3357/3611049291_394ec30616_o.jpg,Baked Goods,0.079590,0.098138,,,0.833237,0.970282,,
TRAIN,gs://sample-02-project-257005-vcm/img/sample_DT_short_001/3357/3611049291_394ec30616_o.jpg,Cheese,0.102465,0.246518,,,0.424574,0.578724,,
TRAIN,gs://sample-02-project-257005-vcm/img/sample_DT_short_001/3357/3611049291_394ec30616_o.jpg,Cheese,0.154398,0.596859,,,0.537713,0.947201,,
TRAIN,gs://sample-02-project-257005-vcm/img/sample_DT_short_001/3357/3611049291_394ec30616_o.jpg,Cheese,0.433229,0.248991,,,0.804179,0.548223,,
TRAIN,gs://sample-02-project-257005-vcm/img/sample_DT_short_001/3357/3611049291_394ec30616_o.jpg,Tomato,0.098138,0.021475,,,0.776976,0.359451,,
TRAIN,gs://sample-02-project-257005-vcm/img/sample_DT_short_001/3357/3611049291_394ec30616_o.jpg,Tomato,0.111121,0.501236,,,0.809743,0.951322,,
TRAIN,gs://sample-02-project-257005-vcm/img/sample_DT_short_001/3421/3310174374_d572dce4d7_o.jpg,Salad,0.020050,0.037669,,,0.928259,0.943610,,
TRAIN,gs://sample-02-project-257005-vcm/img/sample_DT_short_001/3421/3310174374_d572dce4d7_o.jpg,Seafood,0.169855,0.403965,,,0.300305,0.665279,,
TRAIN,gs://sample-02-project-257005-vcm/img/sample_DT_short_001/3421/3310174374_d572dce4d7_o.jpg,Seafood,0.197676,0.217666,,,0.487017,0.431168,,
TRAIN,gs://sample-02-project-257005-vcm/img/sample_DT_short_001/3421/3310174374_d572dce4d7_o.jpg,Seafood,0.281140,0.340492,,,0.619322,0.699076,,
TRAIN,gs://sample-02-project-257005-vcm/img/sample_DT_short_001/3421/3310174374_d572dce4d7_o.jpg,Seafood,0.446212,0.567183,,,0.782540,0.889497,,
TRAIN,gs://sample-02-project-257005-vcm/img/sample_DT_short_001/3421/3310174374_d572dce4d7_o.jpg,Seafood,0.495962,0.248835,,,0.591839,0.365280,,
TRAIN,gs://sample-02-project-257005-vcm/img/sample_DT_short_001/3421/3310174374_d572dce4d7_o.jpg,Seafood,0.577125,0.183652,,,0.657339,0.333637,,
TRAIN,gs://sample-02-project-257005-vcm/img/sample_DT_short_001/3/4220420_7397afecdb_o.jpg,Cheese,0.023767,0.604556,,,0.476904,0.947823,,
TRAIN,gs://sample-02-project-257005-vcm/img/sample_DT_short_001/3/4220420_7397afecdb_o.jpg,Cheese,0.104739,0.000000,,,0.237439,0.073383,,
TRAIN,gs://sample-02-project-257005-vcm/img/sample_DT_short_001/3/4220420_7397afecdb_o.jpg,Cheese,0.422118,0.002819,,,0.647158,0.244981,,
TRAIN,gs://sample-02-project-257005-vcm/img/sample_DT_short_001/3/4220420_7397afecdb_o.jpg,Salad,0.000000,0.000183,,,1.000000,1.000000,,
TRAIN,gs://sample-02-project-257005-vcm/img/sample_DT_short_001/3/4220420_7397afecdb_o.jpg,Tomato,0.000000,0.774966,,,0.250892,1.000000,,
TRAIN,gs://sample-02-project-257005-vcm/img/sample_DT_short_001/3/4220420_7397afecdb_o.jpg,Tomato,0.401545,0.183640,,,0.639427,0.555445,,
TRAIN,gs://sample-02-project-257005-vcm/img/sample_DT_short_001/3/4220420_7397afecdb_o.jpg,Tomato,0.475539,0.543214,,,0.759285,0.957418,,
TRAIN,gs://sample-02-project-257005-vcm/img/sample_DT_short_001/3/4220420_7397afecdb_o.jpg,Tomato,0.635758,0.000998,,,0.886482,0.310836,,
TRAIN,gs://sample-02-project-257005-vcm/img/sample_DT_short_001/3502/3702337011_a810103a15_o.jpg,Salad,0.001035,0.000000,,,1.000000,1.000000,,
TRAIN,gs://sample-02-project-257005-vcm/img/sample_DT_short_001/3502/3702337011_a810103a15_o.jpg,Tomato,0.001897,0.003780,,,1.000000,0.934871,,
TRAIN,gs://sample-02-project-257005-vcm/img/sample_DT_short_001/3686/14101043567_dae5a8d6b1_o.jpg,Salad,0.000000,0.315670,,,0.960794,1.000000,,
TRAIN,gs://sample-02-project-257005-vcm/img/sample_DT_short_001/3686/14101043567_dae5a8d6b1_o.jpg,Seafood,0.000000,0.502071,,,0.728739,0.924579,,
TRAIN,gs://sample-02-project-257005-vcm/img/sample_DT_short_001/3686/14101043567_dae5a8d6b1_o.jpg,Seafood,0.491160,0.239453,,,1.000000,0.576631,,
TRAIN,gs://sample-02-project-257005-vcm/img/sample_DT_short_001/3714/9693749311_9b5d1f433a_o.jpg,Cheese,0.157104,0.154257,,,0.333433,0.357635,,
TRAIN,gs://sample-02-project-257005-vcm/img/sample_DT_short_001/3714/9693749311_9b5d1f433a_o.jpg,Cheese,0.168087,0.338924,,,0.338314,0.499186,,
TRAIN,gs://sample-02-project-257005-vcm/img/sample_DT_short_001/3714/9693749311_9b5d1f433a_o.jpg,Cheese,0.182730,0.521965,,,0.392616,0.875030,,
TRAIN,gs://sample-02-project-257005-vcm/img/sample_DT_short_001/3714/9693749311_9b5d1f433a_o.jpg,Cheese,0.291944,0.116022,,,0.404819,0.285233,,
TRAIN,gs://sample-02-project-257005-vcm/img/sample_DT_short_001/3714/9693749311_9b5d1f433a_o.jpg,Cheese,0.376143,0.363330,,,0.550641,0.594368,,
TRAIN,gs://sample-02-project-257005-vcm/img/sample_DT_short_001/3714/9693749311_9b5d1f433a_o.jpg,Cheese,0.386515,0.587859,,,0.615926,0.818084,,
TRAIN,gs://sample-02-project-257005-vcm/img/sample_DT_short_001/3714/9693749311_9b5d1f433a_o.jpg,Cheese,0.420682,0.087549,,,0.577487,0.238862,,
TRAIN,gs://sample-02-project-257005-vcm/img/sample_DT_short_001/3714/9693749311_9b5d1f433a_o.jpg,Cheese,0.489628,0.242116,,,0.695243,0.429224,,
TRAIN,gs://sample-02-project-257005-vcm/img/sample_DT_short_001/3714/9693749311_9b5d1f433a_o.jpg,Cheese,0.566505,0.047687,,,0.786153,0.300689,,
TRAIN,gs://sample-02-project-257005-vcm/img/sample_DT_short_001/3714/9693749311_9b5d1f433a_o.jpg,Cheese,0.651313,0.469086,,,0.841676,0.693616,,
TRAIN,gs://sample-02-project-257005-vcm/img/sample_DT_short_001/3714/9693749311_9b5d1f433a_o.jpg,Cheese,0.661686,0.288487,,,0.860590,0.469086,,
TRAIN,gs://sample-02-project-257005-vcm/img/sample_DT_short_001/3714/9693749311_9b5d1f433a_o.jpg,Salad,0.110124,0.035484,,,0.932586,0.984854,,
TRAIN,gs://sample-02-project-257005-vcm/img/sample_DT_short_001/3714/9693749311_9b5d1f433a_o.jpg,Tomato,0.147952,0.309638,,,0.237642,0.531727,,
TRAIN,gs://sample-02-project-257005-vcm/img/sample_DT_short_001/3714/9693749311_9b5d1f433a_o.jpg,Tomato,0.150393,0.486170,,,0.305977,0.711513,,
TRAIN,gs://sample-02-project-257005-vcm/img/sample_DT_short_001/3714/9693749311_9b5d1f433a_o.jpg,Tomato,0.205915,0.657008,,,0.272420,0.811576,,
TRAIN,gs://sample-02-project-257005-vcm/img/sample_DT_short_001/3714/9693749311_9b5d1f433a_o.jpg,Tomato,0.320620,0.281978,,,0.494509,0.390989,,
TRAIN,gs://sample-02-project-257005-vcm/img/sample_DT_short_001/3714/9693749311_9b5d1f433a_o.jpg,Tomato,0.330382,0.395870,,,0.501220,0.671651,,
TRAIN,gs://sample-02-project-257005-vcm/img/sample_DT_short_001/3714/9693749311_9b5d1f433a_o.jpg,Tomato,0.363940,0.761138,,,0.504271,0.947432,,
TRAIN,gs://sample-02-project-257005-vcm/img/sample_DT_short_001/3714/9693749311_9b5d1f433a_o.jpg,Tomato,0.402989,0.190051,,,0.517084,0.278724,,
TRAIN,gs://sample-02-project-257005-vcm/img/sample_DT_short_001/3714/9693749311_9b5d1f433a_o.jpg,Tomato,0.438987,0.787170,,,0.559183,0.955567,,
TRAIN,gs://sample-02-project-257005-vcm/img/sample_DT_short_001/3714/9693749311_9b5d1f433a_o.jpg,Tomato,0.509152,0.411327,,,0.711107,0.595181,,
TRAIN,gs://sample-02-project-257005-vcm/img/sample_DT_short_001/3714/9693749311_9b5d1f433a_o.jpg,Tomato,0.550031,0.730224,,,0.754426,0.941738,,
TRAIN,gs://sample-02-project-257005-vcm/img/sample_DT_short_001/3714/9693749311_9b5d1f433a_o.jpg,Tomato,0.606163,0.591113,,,0.911841,0.805067,,
TRAIN,gs://sample-02-project-257005-vcm/img/sample_DT_short_001/3714/9693749311_9b5d1f433a_o.jpg,Tomato,0.666567,0.296622,,,0.709886,0.321027,,
TRAIN,gs://sample-02-project-257005-vcm/img/sample_DT_short_001/3714/9693749311_9b5d1f433a_o.jpg,Tomato,0.735512,0.238862,,,0.814830,0.302316,,
TRAIN,gs://sample-02-project-257005-vcm/img/sample_DT_short_001/3714/9693749311_9b5d1f433a_o.jpg,Tomato,0.791644,0.434105,,,0.901469,0.577284,,
TRAIN,gs://sample-02-project-257005-vcm/img/sample_DT_short_001/3721/9651572036_36ee2b534a_o.jpg,Cheese,0.202722,0.487254,,,0.481497,0.714221,,
TRAIN,gs://sample-02-project-257005-vcm/img/sample_DT_short_001/3721/9651572036_36ee2b534a_o.jpg,Cheese,0.215057,0.132822,,,0.396384,0.301403,,
TRAIN,gs://sample-02-project-257005-vcm/img/sample_DT_short_001/3721/9651572036_36ee2b534a_o.jpg,Cheese,0.337792,0.037430,,,0.475330,0.215057,,
TRAIN,gs://sample-02-project-257005-vcm/img/sample_DT_short_001/3721/9651572036_36ee2b534a_o.jpg,Cheese,0.436474,0.394328,,,0.649873,0.532483,,
TRAIN,gs://sample-02-project-257005-vcm/img/sample_DT_short_001/3721/9651572036_36ee2b534a_o.jpg,Cheese,0.477797,0.050588,,,0.649256,0.260286,,
TRAIN,gs://sample-02-project-257005-vcm/img/sample_DT_short_001/3721/9651572036_36ee2b534a_o.jpg,Cheese,0.503084,0.555508,,,0.744854,0.743826,,
TRAIN,gs://sample-02-project-257005-vcm/img/sample_DT_short_001/3721/9651572036_36ee2b534a_o.jpg,Cheese,0.582646,0.211768,,,0.810847,0.321140,,
TRAIN,gs://sample-02-project-257005-vcm/img/sample_DT_short_001/3721/9651572036_36ee2b534a_o.jpg,Cheese,0.744237,0.314561,,,0.897193,0.505345,,
TRAIN,gs://sample-02-project-257005-vcm/img/sample_DT_short_001/3721/9651572036_36ee2b534a_o.jpg,Salad,0.088004,0.018516,,,1.000000,0.905006,,
TRAIN,gs://sample-02-project-257005-vcm/img/sample_DT_short_001/3721/9651572036_36ee2b534a_o.jpg,Tomato,0.000000,0.007826,,,1.000000,1.000000,,
TRAIN,gs://sample-02-project-257005-vcm/img/sample_DT_short_001/3786/13124918384_a9c9d0afea_o.jpg,Baked Goods,0.043343,0.015478,,,0.613956,0.482948,,
TRAIN,gs://sample-02-project-257005-vcm/img/sample_DT_short_001/3786/13124918384_a9c9d0afea_o.jpg,Salad,0.129018,0.149397,,,0.563217,0.418068,,
TRAIN,gs://sample-02-project-257005-vcm/img/sample_DT_short_001/3786/13124918384_a9c9d0afea_o.jpg,Salad,0.386044,0.167697,,,1.000000,1.000000,,
TRAIN,gs://sample-02-project-257005-vcm/img/sample_DT_short_001/3786/13124918384_a9c9d0afea_o.jpg,Tomato,0.693052,0.724966,,,0.889097,0.919094,,
TRAIN,gs://sample-02-project-257005-vcm/img/sample_DT_short_001/3786/13124918384_a9c9d0afea_o.jpg,Tomato,0.851421,0.683458,,,1.000000,0.842465,,
TRAIN,gs://sample-02-project-257005-vcm/img/sample_DT_short_001/3786/13124918384_a9c9d0afea_o.jpg,Tomato,0.909532,0.583200,,,1.000000,0.693036,,
TRAIN,gs://sample-02-project-257005-vcm/img/sample_DT_short_001/3838/14491320748_6ae62011fa_o.jpg,Baked Goods,0.002767,0.119954,,,1.000000,1.000000,,
TRAIN,gs://sample-02-project-257005-vcm/img/sample_DT_short_001/3838/14491320748_6ae62011fa_o.jpg,Baked Goods,0.749416,0.032125,,,0.924323,0.145171,,
TRAIN,gs://sample-02-project-257005-vcm/img/sample_DT_short_001/3838/14491320748_6ae62011fa_o.jpg,Tomato,0.000000,0.051595,,,1.000000,0.236328,,
TRAIN,gs://sample-02-project-257005-vcm/img/sample_DT_short_001/3838/14491320748_6ae62011fa_o.jpg,Tomato,0.017499,0.000000,,,0.995150,0.138683,,
TRAIN,gs://sample-02-project-257005-vcm/img/sample_DT_short_001/3838/14491320748_6ae62011fa_o.jpg,Tomato,0.114258,0.229818,,,0.343750,0.422689,,
TRAIN,gs://sample-02-project-257005-vcm/img/sample_DT_short_001/3838/14491320748_6ae62011fa_o.jpg,Tomato,0.189941,0.433268,,,0.599284,0.674154,,
TRAIN,gs://sample-02-project-257005-vcm/img/sample_DT_short_001/3838/14491320748_6ae62011fa_o.jpg,Tomato,0.442222,0.127406,,,0.585094,0.289057,,
TRAIN,gs://sample-02-project-257005-vcm/img/sample_DT_short_001/3838/14491320748_6ae62011fa_o.jpg,Tomato,0.570801,0.246908,,,0.705078,0.346191,,
TRAIN,gs://sample-02-project-257005-vcm/img/sample_DT_short_001/3838/14491320748_6ae62011fa_o.jpg,Tomato,0.609863,0.331543,,,0.876790,0.564290,,
TRAIN,gs://sample-02-project-257005-vcm/img/sample_DT_short_001/3838/14491320748_6ae62011fa_o.jpg,Tomato,0.666016,0.472331,,,0.970378,0.745768,,
TRAIN,gs://sample-02-project-257005-vcm/img/sample_DT_short_001/3838/14491320748_6ae62011fa_o.jpg,Tomato,0.677980,0.124918,,,0.853256,0.232441,,
TRAIN,gs://sample-02-project-257005-vcm/img/sample_DT_short_001/3838/14491320748_6ae62011fa_o.jpg,Tomato,0.745365,0.187517,,,0.840736,0.236491,,
TRAIN,gs://sample-02-project-257005-vcm/img/sample_DT_short_001/3838/14491320748_6ae62011fa_o.jpg,Tomato,0.826335,0.250163,,,1.000000,0.458496,,
TRAIN,gs://sample-02-project-257005-vcm/img/sample_DT_short_001/3911/14703320278_863515f790_o.jpg,Cheese,0.027315,0.400666,,,0.308256,0.778776,,
TRAIN,gs://sample-02-project-257005-vcm/img/sample_DT_short_001/3911/14703320278_863515f790_o.jpg,Cheese,0.149092,0.000125,,,0.404395,0.295724,,
TRAIN,gs://sample-02-project-257005-vcm/img/sample_DT_short_001/3911/14703320278_863515f790_o.jpg,Cheese,0.205707,0.780379,,,0.442316,0.997472,,
TRAIN,gs://sample-02-project-257005-vcm/img/sample_DT_short_001/3911/14703320278_863515f790_o.jpg,Cheese,0.295971,0.162745,,,0.566229,0.612953,,
TRAIN,gs://sample-02-project-257005-vcm/img/sample_DT_short_001/3911/14703320278_863515f790_o.jpg,Cheese,0.428430,0.000125,,,0.643675,0.214014,,
TRAIN,gs://sample-02-project-257005-vcm/img/sample_DT_short_001/3911/14703320278_863515f790_o.jpg,Cheese,0.458340,0.635383,,,0.646345,0.981450,,
TRAIN,gs://sample-02-project-257005-vcm/img/sample_DT_short_001/3911/14703320278_863515f790_o.jpg,Cheese,0.568900,0.307740,,,0.776667,0.786787,,
TRAIN,gs://sample-02-project-257005-vcm/img/sample_DT_short_001/3911/14703320278_863515f790_o.jpg,Cheese,0.665573,0.761153,,,0.811918,1.000000,,
TRAIN,gs://sample-02-project-257005-vcm/img/sample_DT_short_001/3911/14703320278_863515f790_o.jpg,Cheese,0.667710,0.000125,,,0.869068,0.318956,,
TRAIN,gs://sample-02-project-257005-vcm/img/sample_DT_short_001/3911/14703320278_863515f790_o.jpg,Cheese,0.800168,0.480774,,,1.000000,0.855680,,
TRAIN,gs://sample-02-project-257005-vcm/img/sample_DT_short_001/3911/14703320278_863515f790_o.jpg,Salad,0.000000,0.000125,,,1.000000,1.000000,,
TRAIN,gs://sample-02-project-257005-vcm/img/sample_DT_short_001/3911/14703320278_863515f790_o.jpg,Tomato,0.018235,0.365418,,,0.340836,0.850874,,
TRAIN,gs://sample-02-project-257005-vcm/img/sample_DT_short_001/3911/14703320278_863515f790_o.jpg,Tomato,0.103158,0.000125,,,0.423089,0.346192,,
TRAIN,gs://sample-02-project-257005-vcm/img/sample_DT_short_001/3911/14703320278_863515f790_o.jpg,Tomato,0.151762,0.749937,,,0.453533,1.000000,,
TRAIN,gs://sample-02-project-257005-vcm/img/sample_DT_short_001/3911/14703320278_863515f790_o.jpg,Tomato,0.284221,0.178766,,,0.585991,0.633781,,
TRAIN,gs://sample-02-project-257005-vcm/img/sample_DT_short_001/3911/14703320278_863515f790_o.jpg,Tomato,0.396383,0.000000,,,0.657562,0.226030,,
TRAIN,gs://sample-02-project-257005-vcm/img/sample_DT_short_001/3911/14703320278_863515f790_o.jpg,Tomato,0.403327,0.615356,,,0.668244,0.996671,,
TRAIN,gs://sample-02-project-257005-vcm/img/sample_DT_short_001/3911/14703320278_863515f790_o.jpg,Tomato,0.547536,0.313348,,,0.833283,0.753943,,
TRAIN,gs://sample-02-project-257005-vcm/img/sample_DT_short_001/3911/14703320278_863515f790_o.jpg,Tomato,0.616435,0.737120,,,0.852511,0.999074,,
TRAIN,gs://sample-02-project-257005-vcm/img/sample_DT_short_001/3911/14703320278_863515f790_o.jpg,Tomato,0.627652,0.000125,,,0.920342,0.343789,,
TRAIN,gs://sample-02-project-257005-vcm/img/sample_DT_short_001/3911/14703320278_863515f790_o.jpg,Tomato,0.807112,0.423897,,,1.000000,0.877309,,
TRAIN,gs://sample-02-project-257005-vcm/img/sample_DT_short_001/3933/14984196633_744e657eff_o.jpg,Salad,0.060248,0.121359,,,0.503716,0.464077,,
TRAIN,gs://sample-02-project-257005-vcm/img/sample_DT_short_001/3933/14984196633_744e657eff_o.jpg,Seafood,0.091216,0.322860,,,0.695721,0.663926,,
TRAIN,gs://sample-02-project-257005-vcm/img/sample_DT_short_001/4025/4302834629_717321fd2f_o.jpg,Salad,0.016424,0.030040,,,0.973673,0.959232,,
TRAIN,gs://sample-02-project-257005-vcm/img/sample_DT_short_001/4025/4302834629_717321fd2f_o.jpg,Seafood,0.038705,0.073777,,,0.736837,0.870934,,
TRAIN,gs://sample-02-project-257005-vcm/img/sample_DT_short_001/4026/4491189585_1400c943bb_o.jpg,Salad,0.434476,0.626935,,,0.780731,0.881609,,
TRAIN,gs://sample-02-project-257005-vcm/img/sample_DT_short_001/4042/4450406624_acf22d13da_o.jpg,Salad,0.508320,0.000000,,,0.988818,0.791095,,
TRAIN,gs://sample-02-project-257005-vcm/img/sample_DT_short_001/4042/4450406624_acf22d13da_o.jpg,Tomato,0.617871,0.203820,,,0.970791,0.740249,,
TRAIN,gs://sample-02-project-257005-vcm/img/sample_DT_short_001/4053/4275870426_3581ab87a0_o.jpg,Salad,0.121192,0.149657,,,0.862015,0.818418,,
TRAIN,gs://sample-02-project-257005-vcm/img/sample_DT_short_001/4053/4275870426_3581ab87a0_o.jpg,Tomato,0.199030,0.607382,,,0.316439,0.697056,,
TRAIN,gs://sample-02-project-257005-vcm/img/sample_DT_short_001/4053/4275870426_3581ab87a0_o.jpg,Tomato,0.609331,0.635800,,,0.726740,0.767153,,
TRAIN,gs://sample-02-project-257005-vcm/img/sample_DT_short_001/4053/4275870426_3581ab87a0_o.jpg,Tomato,0.701491,0.451399,,,0.829631,0.583384,,
TRAIN,gs://sample-02-project-257005-vcm/img/sample_DT_short_001/4053/4275870426_3581ab87a0_o.jpg,Tomato,0.712853,0.340254,,,0.815744,0.455820,,
TRAIN,gs://sample-02-project-257005-vcm/img/sample_DT_short_001/4062/4590236423_3484930d5c_o.jpg,Baked Goods,0.034818,0.449455,,,0.157551,0.713277,,
TRAIN,gs://sample-02-project-257005-vcm/img/sample_DT_short_001/4062/4590236423_3484930d5c_o.jpg,Baked Goods,0.113718,0.349186,,,0.272614,0.444523,,
TRAIN,gs://sample-02-project-257005-vcm/img/sample_DT_short_001/4062/4590236423_3484930d5c_o.jpg,Baked Goods,0.195906,0.696839,,,0.417812,0.896555,,
TRAIN,gs://sample-02-project-257005-vcm/img/sample_DT_short_001/4062/4590236423_3484930d5c_o.jpg,Baked Goods,0.269875,0.299051,,,0.312064,0.388636,,
TRAIN,gs://sample-02-project-257005-vcm/img/sample_DT_short_001/4062/4590236423_3484930d5c_o.jpg,Baked Goods,0.335077,0.114129,,,0.393704,0.193851,,
TRAIN,gs://sample-02-project-257005-vcm/img/sample_DT_short_001/4062/4590236423_3484930d5c_o.jpg,Baked Goods,0.357541,0.273573,,,0.502740,0.363979,,
TRAIN,gs://sample-02-project-257005-vcm/img/sample_DT_short_001/4062/4590236423_3484930d5c_o.jpg,Baked Goods,0.395348,0.072213,,,0.492877,0.147826,,
TRAIN,gs://sample-02-project-257005-vcm/img/sample_DT_short_001/4062/4590236423_3484930d5c_o.jpg,Baked Goods,0.396991,0.186454,,,0.483562,0.276039,,
TRAIN,gs://sample-02-project-257005-vcm/img/sample_DT_short_001/4062/4590236423_3484930d5c_o.jpg,Baked Goods,0.421100,0.528355,,,0.558079,0.733002,,
TRAIN,gs://sample-02-project-257005-vcm/img/sample_DT_short_001/4062/4590236423_3484930d5c_o.jpg,Baked Goods,0.503835,0.089473,,,0.590954,0.177413,,
TRAIN,gs://sample-02-project-257005-vcm/img/sample_DT_short_001/4062/4590236423_3484930d5c_o.jpg,Baked Goods,0.543833,0.147004,,,0.669854,0.260423,,
TRAIN,gs://sample-02-project-257005-vcm/img/sample_DT_short_001/4062/4590236423_3484930d5c_o.jpg,Baked Goods,0.642459,0.119882,,,0.731221,0.224260,,
TRAIN,gs://sample-02-project-257005-vcm/img/sample_DT_short_001/4062/4590236423_3484930d5c_o.jpg,Baked Goods,0.783821,0.247273,,,0.901076,0.420689,,
TRAIN,gs://sample-02-project-257005-vcm/img/sample_DT_short_001/4062/4590236423_3484930d5c_o.jpg,Baked Goods,0.807382,0.423155,,,0.901624,0.603145,,
TRAIN,gs://sample-02-project-257005-vcm/img/sample_DT_short_001/4062/4590236423_3484930d5c_o.jpg,Cheese,0.260560,0.074679,,,0.706565,0.601502,,
TRAIN,gs://sample-02-project-257005-vcm/img/sample_DT_short_001/4062/4590236423_3484930d5c_o.jpg,Salad,0.081391,0.057419,,,0.885186,0.866968,,
TRAIN,gs://sample-02-project-257005-vcm/img/sample_DT_short_001/4074/4942915760_8dfc90bfd8_o.jpg,Cheese,0.319037,0.019144,,,0.430057,0.190670,,
TRAIN,gs://sample-02-project-257005-vcm/img/sample_DT_short_001/4074/4942915760_8dfc90bfd8_o.jpg,Cheese,0.345682,0.157364,,,0.519428,0.359698,,
TRAIN,gs://sample-02-project-257005-vcm/img/sample_DT_short_001/4074/4942915760_8dfc90bfd8_o.jpg,Seafood,0.002630,0.014981,,,0.996260,0.994178,,
TRAIN,gs://sample-02-project-257005-vcm/img/sample_DT_short_001/4074/4942915760_8dfc90bfd8_o.jpg,Seafood,0.154727,0.773526,,,0.275184,0.983354,,
TRAIN,gs://sample-02-project-257005-vcm/img/sample_DT_short_001/4074/4942915760_8dfc90bfd8_o.jpg,Seafood,0.385094,0.911746,,,0.528310,0.994178,,
TRAIN,gs://sample-02-project-257005-vcm/img/sample_DT_short_001/4076/4815060805_835819b633_o.jpg,Salad,0.095724,0.136111,,,0.532364,0.740257,,
TRAIN,gs://sample-02-project-257005-vcm/img/sample_DT_short_001/4076/4815060805_835819b633_o.jpg,Seafood,0.166486,0.071823,,,0.519748,0.614977,,
TRAIN,gs://sample-02-project-257005-vcm/img/sample_DT_short_001/4076/4815060805_835819b633_o.jpg,Tomato,0.123699,0.331449,,,0.186233,0.457553,,
TRAIN,gs://sample-02-project-257005-vcm/img/sample_DT_short_001/4076/4815060805_835819b633_o.jpg,Tomato,0.283874,0.323207,,,0.318981,0.398210,,
TRAIN,gs://sample-02-project-257005-vcm/img/sample_DT_short_001/4078/4805751704_687016dce6_o.jpg,Salad,0.000000,0.000000,,,0.961507,0.992693,,
TRAIN,gs://sample-02-project-257005-vcm/img/sample_DT_short_001/4078/4805751704_687016dce6_o.jpg,Tomato,0.285258,0.684603,,,0.552273,0.997716,,
TRAIN,gs://sample-02-project-257005-vcm/img/sample_DT_short_001/4078/4805751704_687016dce6_o.jpg,Tomato,0.734050,0.518837,,,0.927600,0.738184,,
TRAIN,gs://sample-02-project-257005-vcm/img/sample_DT_short_001/4078/4805751704_687016dce6_o.jpg,Tomato,0.754300,0.348885,,,0.969513,0.528046,,
TRAIN,gs://sample-02-project-257005-vcm/img/sample_DT_short_001/4106/4949958150_8bbb5fa499_o.jpg,Cheese,0.211597,0.154541,,,0.874014,0.896176,,
TRAIN,gs://sample-02-project-257005-vcm/img/sample_DT_short_001/4106/4949958150_8bbb5fa499_o.jpg,Salad,0.053752,0.045624,,,0.982633,0.897839,,
TRAIN,gs://sample-02-project-257005-vcm/img/sample_DT_short_001/4106/4949958150_8bbb5fa499_o.jpg,Tomato,0.113144,0.544481,,,0.261894,0.885367,,
TRAIN,gs://sample-02-project-257005-vcm/img/sample_DT_short_001/4106/4949958150_8bbb5fa499_o.jpg,Tomato,0.161301,0.132924,,,0.340549,0.445541,,
TRAIN,gs://sample-02-project-257005-vcm/img/sample_DT_short_001/4106/4949958150_8bbb5fa499_o.jpg,Tomato,0.304700,0.208584,,,0.430441,0.368219,,
TRAIN,gs://sample-02-project-257005-vcm/img/sample_DT_short_001/4106/4949958150_8bbb5fa499_o.jpg,Tomato,0.361417,0.101330,,,0.467361,0.194450,,
TRAIN,gs://sample-02-project-257005-vcm/img/sample_DT_short_001/4106/4949958150_8bbb5fa499_o.jpg,Tomato,0.366768,0.602681,,,0.481273,0.778944,,
TRAIN,gs://sample-02-project-257005-vcm/img/sample_DT_short_001/4106/4949958150_8bbb5fa499_o.jpg,Tomato,0.386565,0.767304,,,0.622531,0.909479,,
TRAIN,gs://sample-02-project-257005-vcm/img/sample_DT_short_001/4106/4949958150_8bbb5fa499_o.jpg,Tomato,0.445958,0.255144,,,0.555647,0.429744,,
TRAIN,gs://sample-02-project-257005-vcm/img/sample_DT_short_001/4106/4949958150_8bbb5fa499_o.jpg,Tomato,0.595242,0.181979,,,0.693695,0.349096,,
TRAIN,gs://sample-02-project-257005-vcm/img/sample_DT_short_001/4106/4949958150_8bbb5fa499_o.jpg,Tomato,0.611295,0.487944,,,0.745597,0.637601,,
TRAIN,gs://sample-02-project-257005-vcm/img/sample_DT_short_001/4106/4949958150_8bbb5fa499_o.jpg,Tomato,0.704397,0.337456,,,0.882040,0.551133,,
TRAIN,gs://sample-02-project-257005-vcm/img/sample_DT_short_001/4106/4949958150_8bbb5fa499_o.jpg,Tomato,0.741852,0.201101,,,0.893276,0.393993,,
TRAIN,gs://sample-02-project-257005-vcm/img/sample_DT_short_001/4106/4949958150_8bbb5fa499_o.jpg,Tomato,0.741852,0.759821,,,0.945178,0.902827,,
TRAIN,gs://sample-02-project-257005-vcm/img/sample_DT_short_001/4106/4949958150_8bbb5fa499_o.jpg,Tomato,0.743992,0.524527,,,0.855821,0.680004,,
TRAIN,gs://sample-02-project-257005-vcm/img/sample_DT_short_001/4106/4949958150_8bbb5fa499_o.jpg,Tomato,0.834419,0.467159,,,0.954809,0.709104,,
TRAIN,gs://sample-02-project-257005-vcm/img/sample_DT_short_001/4117/4785782231_8e6838309f_o.jpg,Salad,0.042979,0.062796,,,1.000000,1.000000,,
TRAIN,gs://sample-02-project-257005-vcm/img/sample_DT_short_001/4117/4785782231_8e6838309f_o.jpg,Tomato,0.137108,0.243623,,,0.310504,0.645735,,
TRAIN,gs://sample-02-project-257005-vcm/img/sample_DT_short_001/4117/4785782231_8e6838309f_o.jpg,Tomato,0.264678,0.418669,,,0.363142,0.564817,,
TRAIN,gs://sample-02-project-257005-vcm/img/sample_DT_short_001/4117/4785782231_8e6838309f_o.jpg,Tomato,0.329082,0.261788,,,0.441169,0.358394,,
TRAIN,gs://sample-02-project-257005-vcm/img/sample_DT_short_001/4153/4958251640_af27b11b4b_o.jpg,Cheese,0.000000,0.265857,,,1.000000,1.000000,,
TRAIN,gs://sample-02-project-257005-vcm/img/sample_DT_short_001/4153/4958251640_af27b11b4b_o.jpg,Salad,0.000000,0.265619,,,1.000000,1.000000,,
TRAIN,gs://sample-02-project-257005-vcm/img/sample_DT_short_001/4153/4958251640_af27b11b4b_o.jpg,Tomato,0.000000,0.265436,,,1.000000,1.000000,,
TRAIN,gs://sample-02-project-257005-vcm/img/sample_DT_short_001/4/3095/2816732400_f12f826b54_o.jpg,Salad,0.100187,0.022225,,,0.905543,0.966192,,
TRAIN,gs://sample-02-project-257005-vcm/img/sample_DT_short_001/4/3095/2816732400_f12f826b54_o.jpg,Tomato,0.100187,0.596382,,,0.222423,0.746954,,
TRAIN,gs://sample-02-project-257005-vcm/img/sample_DT_short_001/4/3095/2816732400_f12f826b54_o.jpg,Tomato,0.133292,0.162869,,,0.352298,0.655949,,
TRAIN,gs://sample-02-project-257005-vcm/img/sample_DT_short_001/4/3095/2816732400_f12f826b54_o.jpg,Tomato,0.251708,0.524406,,,0.450342,0.780046,,
TRAIN,gs://sample-02-project-257005-vcm/img/sample_DT_short_001/4/3095/2816732400_f12f826b54_o.jpg,Tomato,0.379037,0.181070,,,0.670621,0.531852,,
